"module name", "license", "repository", "version"
"@babel/code-frame", "MIT", "https://github.com/babel/babel/tree/master/packages/babel-code-frame", 7.8.3
"@babel/compat-data", "MIT", "https://github.com/babel/babel/tree/master/packages/babel-compat-data", 7.9.0
"@babel/core", "MIT", "https://github.com/babel/babel/tree/master/packages/babel-core", 7.8.4
"@babel/generator", "MIT", "https://github.com/babel/babel/tree/master/packages/babel-generator", 7.9.0
"@babel/helper-annotate-as-pure", "MIT", "https://github.com/babel/babel/tree/master/packages/babel-helper-annotate-as-pure", 7.8.3
"@babel/helper-builder-binary-assignment-operator-visitor", "MIT", "https://github.com/babel/babel/tree/master/packages/babel-helper-builder-binary-assignment-operator-visitor", 7.8.3
"@babel/helper-builder-react-jsx-experimental", "MIT", "https://github.com/babel/babel/tree/master/packages/babel-helper-builder-react-jsx-experimental", 7.9.5
"@babel/helper-builder-react-jsx", "MIT", "https://github.com/babel/babel/tree/master/packages/babel-helper-builder-react-jsx", 7.9.0
"@babel/helper-compilation-targets", "MIT", "https://github.com/babel/babel/tree/master/packages/babel-helper-compilation-targets", 7.8.7
"@babel/helper-create-class-features-plugin", "MIT", "https://github.com/babel/babel/tree/master/packages/babel-helper-create-class-features-plugin", 7.9.5
"@babel/helper-create-regexp-features-plugin", "MIT", "https://github.com/babel/babel", 7.8.8
"@babel/helper-define-map", "MIT", "https://github.com/babel/babel/tree/master/packages/babel-helper-define-map", 7.8.3
"@babel/helper-explode-assignable-expression", "MIT", "https://github.com/babel/babel/tree/master/packages/babel-helper-explode-assignable-expression", 7.8.3
"@babel/helper-function-name", "MIT", "https://github.com/babel/babel/tree/master/packages/babel-helper-function-name", 7.9.5
"@babel/helper-get-function-arity", "MIT", "https://github.com/babel/babel/tree/master/packages/babel-helper-get-function-arity", 7.8.3
"@babel/helper-hoist-variables", "MIT", "https://github.com/babel/babel/tree/master/packages/babel-helper-hoist-variables", 7.8.3
"@babel/helper-member-expression-to-functions", "MIT", "https://github.com/babel/babel/tree/master/packages/babel-helper-member-expression-to-functions", 7.8.3
"@babel/helper-module-imports", "MIT", "https://github.com/babel/babel/tree/master/packages/babel-helper-module-imports", 7.8.3
"@babel/helper-module-transforms", "MIT", "https://github.com/babel/babel/tree/master/packages/babel-helper-module-transforms", 7.9.0
"@babel/helper-optimise-call-expression", "MIT", "https://github.com/babel/babel/tree/master/packages/babel-helper-optimise-call-expression", 7.8.3
"@babel/helper-plugin-utils", "MIT", "https://github.com/babel/babel/tree/master/packages/babel-helper-plugin-utils", 7.8.3
"@babel/helper-regex", "MIT", "https://github.com/babel/babel/tree/master/packages/babel-helper-regex", 7.8.3
"@babel/helper-remap-async-to-generator", "MIT", "https://github.com/babel/babel/tree/master/packages/babel-helper-remap-async-to-generator", 7.8.3
"@babel/helper-replace-supers", "MIT", "https://github.com/babel/babel/tree/master/packages/babel-helper-replace-supers", 7.8.6
"@babel/helper-simple-access", "MIT", "https://github.com/babel/babel/tree/master/packages/babel-helper-simple-access", 7.8.3
"@babel/helper-split-export-declaration", "MIT", "https://github.com/babel/babel/tree/master/packages/babel-helper-split-export-declaration", 7.8.3
"@babel/helper-validator-identifier", "MIT", "https://github.com/babel/babel/tree/master/packages/babel-helper-validator-identifier", 7.9.5
"@babel/helpers", "MIT", "https://github.com/babel/babel/tree/master/packages/babel-helpers", 7.9.2
"@babel/helper-wrap-function", "MIT", "https://github.com/babel/babel/tree/master/packages/babel-helper-wrap-function", 7.8.3
"@babel/highlight", "MIT", "https://github.com/babel/babel/tree/master/packages/babel-highlight", 7.9.0
"@babel/parser", "MIT", "https://github.com/babel/babel/tree/master/packages/babel-parser", 7.9.4
"@babel/plugin-proposal-async-generator-functions", "MIT", "https://github.com/babel/babel/tree/master/packages/babel-plugin-proposal-async-generator-functions", 7.8.3
"@babel/plugin-proposal-class-properties", "MIT", "https://github.com/babel/babel/tree/master/packages/babel-plugin-proposal-class-properties", 7.8.3
"@babel/plugin-proposal-decorators", "MIT", "https://github.com/babel/babel/tree/master/packages/babel-plugin-proposal-decorators", 7.8.3
"@babel/plugin-proposal-dynamic-import", "MIT", "https://github.com/babel/babel/tree/master/packages/babel-plugin-proposal-dynamic-import", 7.8.3
"@babel/plugin-proposal-json-strings", "MIT", "https://github.com/babel/babel/tree/master/packages/babel-plugin-proposal-json-strings", 7.8.3
"@babel/plugin-proposal-nullish-coalescing-operator", "MIT", "https://github.com/babel/babel/tree/master/packages/babel-plugin-proposal-nullish-coalescing-operator", 7.8.3
"@babel/plugin-proposal-numeric-separator", "MIT", "https://github.com/babel/babel/tree/master/packages/babel-plugin-proposal-numeric-separator", 7.8.3
"@babel/plugin-proposal-object-rest-spread", "MIT", "https://github.com/babel/babel/tree/master/packages/babel-plugin-proposal-object-rest-spread", 7.9.5
"@babel/plugin-proposal-optional-chaining", "MIT", "https://github.com/babel/babel/tree/master/packages/babel-plugin-proposal-optional-chaining", 7.9.0
"@babel/plugin-proposal-unicode-property-regex", "MIT", "https://github.com/babel/babel/tree/master/packages/babel-plugin-proposal-unicode-property-regex", 7.8.8
"@babel/plugin-syntax-decorators", "MIT", "https://github.com/babel/babel/tree/master/packages/babel-plugin-syntax-decorators", 7.8.3
"@babel/plugin-syntax-flow", "MIT", "https://github.com/babel/babel/tree/master/packages/babel-plugin-syntax-flow", 7.8.3
"@babel/plugin-syntax-dynamic-import", "MIT", "https://github.com/babel/babel/tree/master/packages/babel-plugin-syntax-dynamic-import", 7.8.3
"@babel/plugin-proposal-optional-catch-binding", "MIT", "https://github.com/babel/babel/tree/master/packages/babel-plugin-proposal-optional-catch-binding", 7.8.3
"@babel/plugin-syntax-jsx", "MIT", "https://github.com/babel/babel/tree/master/packages/babel-plugin-syntax-jsx", 7.8.3
"@babel/plugin-syntax-json-strings", "MIT", "https://github.com/babel/babel/tree/master/packages/babel-plugin-syntax-json-strings", 7.8.3
"@babel/plugin-syntax-async-generators", "MIT", "https://github.com/babel/babel/tree/master/packages/babel-plugin-syntax-async-generators", 7.8.4
"@babel/plugin-syntax-nullish-coalescing-operator", "MIT", "https://github.com/babel/babel/tree/master/packages/babel-plugin-syntax-nullish-coalescing-operator", 7.8.3
"@babel/plugin-syntax-object-rest-spread", "MIT", "https://github.com/babel/babel/tree/master/packages/babel-plugin-syntax-object-rest-spread", 7.8.3
"@babel/plugin-syntax-optional-catch-binding", "MIT", "https://github.com/babel/babel/tree/master/packages/babel-plugin-syntax-optional-catch-binding", 7.8.3
"@babel/plugin-syntax-numeric-separator", "MIT", "https://github.com/babel/babel/tree/master/packages/babel-plugin-syntax-numeric-separator", 7.8.3
"@babel/plugin-syntax-optional-chaining", "MIT", "https://github.com/babel/babel/tree/master/packages/babel-plugin-syntax-optional-chaining", 7.8.3
"@babel/plugin-syntax-top-level-await", "MIT", "https://github.com/babel/babel/tree/master/packages/babel-plugin-syntax-top-level-await", 7.8.3
"@babel/plugin-syntax-typescript", "MIT", "https://github.com/babel/babel/tree/master/packages/babel-plugin-syntax-typescript", 7.8.3
"@babel/plugin-transform-arrow-functions", "MIT", "https://github.com/babel/babel/tree/master/packages/babel-plugin-transform-arrow-functions", 7.8.3
"@babel/plugin-transform-async-to-generator", "MIT", "https://github.com/babel/babel/tree/master/packages/babel-plugin-transform-async-to-generator", 7.8.3
"@babel/plugin-transform-block-scoped-functions", "MIT", "https://github.com/babel/babel/tree/master/packages/babel-plugin-transform-block-scoped-functions", 7.8.3
"@babel/plugin-transform-block-scoping", "MIT", "https://github.com/babel/babel/tree/master/packages/babel-plugin-transform-block-scoping", 7.8.3
"@babel/plugin-transform-classes", "MIT", "https://github.com/babel/babel/tree/master/packages/babel-plugin-transform-classes", 7.9.5
"@babel/plugin-transform-destructuring", "MIT", "https://github.com/babel/babel/tree/master/packages/babel-plugin-transform-destructuring", 7.9.5
"@babel/plugin-transform-computed-properties", "MIT", "https://github.com/babel/babel/tree/master/packages/babel-plugin-transform-computed-properties", 7.8.3
"@babel/plugin-transform-dotall-regex", "MIT", "https://github.com/babel/babel/tree/master/packages/babel-plugin-transform-dotall-regex", 7.8.3
"@babel/plugin-transform-duplicate-keys", "MIT", "https://github.com/babel/babel/tree/master/packages/babel-plugin-transform-duplicate-keys", 7.8.3
"@babel/plugin-transform-exponentiation-operator", "MIT", "https://github.com/babel/babel/tree/master/packages/babel-plugin-transform-exponentiation-operator", 7.8.3
"@babel/plugin-transform-flow-strip-types", "MIT", "https://github.com/babel/babel/tree/master/packages/babel-plugin-transform-flow-strip-types", 7.9.0
"@babel/plugin-transform-function-name", "MIT", "https://github.com/babel/babel/tree/master/packages/babel-plugin-transform-function-name", 7.8.3
"@babel/plugin-transform-for-of", "MIT", "https://github.com/babel/babel/tree/master/packages/babel-plugin-transform-for-of", 7.9.0
"@babel/plugin-transform-literals", "MIT", "https://github.com/babel/babel/tree/master/packages/babel-plugin-transform-literals", 7.8.3
"@babel/plugin-transform-member-expression-literals", "MIT", "https://github.com/babel/babel/tree/master/packages/babel-plugin-transform-member-expression-literals", 7.8.3
"@babel/plugin-transform-modules-amd", "MIT", "https://github.com/babel/babel/tree/master/packages/babel-plugin-transform-modules-amd", 7.9.0
"@babel/plugin-transform-modules-commonjs", "MIT", "https://github.com/babel/babel/tree/master/packages/babel-plugin-transform-modules-commonjs", 7.9.0
"@babel/plugin-transform-modules-systemjs", "MIT", "https://github.com/babel/babel/tree/master/packages/babel-plugin-transform-modules-systemjs", 7.9.0
"@babel/plugin-transform-modules-umd", "MIT", "https://github.com/babel/babel/tree/master/packages/babel-plugin-transform-modules-umd", 7.9.0
"@babel/plugin-transform-named-capturing-groups-regex", "MIT", "https://github.com/babel/babel", 7.8.3
"@babel/plugin-transform-new-target", "MIT", "https://github.com/babel/babel/tree/master/packages/babel-plugin-transform-new-target", 7.8.3
"@babel/plugin-transform-object-super", "MIT", "https://github.com/babel/babel/tree/master/packages/babel-plugin-transform-object-super", 7.8.3
"@babel/plugin-transform-parameters", "MIT", "https://github.com/babel/babel/tree/master/packages/babel-plugin-transform-parameters", 7.9.5
"@babel/plugin-transform-property-literals", "MIT", "https://github.com/babel/babel/tree/master/packages/babel-plugin-transform-property-literals", 7.8.3
"@babel/plugin-transform-react-constant-elements", "MIT", "https://github.com/babel/babel/tree/master/packages/babel-plugin-transform-react-constant-elements", 7.9.0
"@babel/plugin-transform-react-display-name", "MIT", "https://github.com/babel/babel/tree/master/packages/babel-plugin-transform-react-display-name", 7.8.3
"@babel/plugin-transform-react-jsx-development", "MIT", "https://github.com/babel/babel/tree/master/packages/babel-plugin-transform-react-jsx-development", 7.9.0
"@babel/plugin-transform-react-jsx-self", "MIT", "https://github.com/babel/babel/tree/master/packages/babel-plugin-transform-react-jsx-self", 7.9.0
"@babel/plugin-transform-react-jsx-source", "MIT", "https://github.com/babel/babel/tree/master/packages/babel-plugin-transform-react-jsx-source", 7.9.0
"@babel/plugin-transform-react-jsx", "MIT", "https://github.com/babel/babel/tree/master/packages/babel-plugin-transform-react-jsx", 7.9.4
"@babel/plugin-transform-regenerator", "MIT", "https://github.com/babel/babel/tree/master/packages/babel-plugin-transform-regenerator", 7.8.7
"@babel/plugin-transform-reserved-words", "MIT", "https://github.com/babel/babel/tree/master/packages/babel-plugin-transform-reserved-words", 7.8.3
"@babel/plugin-transform-runtime", "MIT", "https://github.com/babel/babel/tree/master/packages/babel-plugin-transform-runtime", 7.9.0
"@babel/plugin-transform-shorthand-properties", "MIT", "https://github.com/babel/babel/tree/master/packages/babel-plugin-transform-shorthand-properties", 7.8.3
"@babel/plugin-transform-spread", "MIT", "https://github.com/babel/babel/tree/master/packages/babel-plugin-transform-spread", 7.8.3
"@babel/plugin-transform-sticky-regex", "MIT", "https://github.com/babel/babel/tree/master/packages/babel-plugin-transform-sticky-regex", 7.8.3
"@babel/plugin-transform-template-literals", "MIT", "https://github.com/babel/babel/tree/master/packages/babel-plugin-transform-template-literals", 7.8.3
"@babel/plugin-transform-typeof-symbol", "MIT", "https://github.com/babel/babel/tree/master/packages/babel-plugin-transform-typeof-symbol", 7.8.4
"@babel/plugin-transform-typescript", "MIT", "https://github.com/babel/babel/tree/master/packages/babel-plugin-transform-typescript", 7.9.4
"@babel/plugin-transform-unicode-regex", "MIT", "https://github.com/babel/babel/tree/master/packages/babel-plugin-transform-unicode-regex", 7.8.3
"@babel/preset-env", "MIT", "https://github.com/babel/babel/tree/master/packages/babel-preset-env", 7.9.0
"@babel/preset-modules", "MIT", "", 7.9.5
"@babel/preset-react", "MIT", "https://github.com/babel/babel/tree/master/packages/babel-preset-react", 7.9.1
"@babel/preset-typescript", "MIT", "https://github.com/babel/babel/tree/master/packages/babel-preset-typescript", 7.9.4
"@babel/runtime", "MIT", "https://github.com/babel/babel", 7.9.0
"@babel/template", "MIT", "https://github.com/babel/babel/tree/master/packages/babel-template", 7.9.2
"@babel/traverse", "MIT", "https://github.com/babel/babel/tree/master/packages/babel-traverse", 7.9.5
"@babel/types", "MIT", "https://github.com/babel/babel/tree/master/packages/babel-types", 7.9.5
"@emotion/cache", "MIT", "https://github.com/emotion-js/emotion/tree/master/packages/cache", 10.0.29
"@cnakazawa/watch", "Apache-2.0", "https://github.com/mikeal/watch", 1.0.4
"@csstools/normalize.css", "CC0-1.0", "https://github.com/csstools/normalize.css", 10.1.0
"@emotion/core", "MIT", "https://github.com/emotion-js/emotion/tree/master/packages/core", 10.0.28
"@csstools/convert-colors", "CC0-1.0", "https://github.com/jonathantneal/convert-colors", 1.4.0
"@emotion/hash", "MIT", "https://github.com/emotion-js/emotion/tree/master/packages/hash", 0.8.0
"@emotion/css", "MIT", "https://github.com/emotion-js/emotion/tree/master/packages/css", 10.0.27
"@emotion/memoize", "MIT", "https://github.com/emotion-js/emotion/tree/master/packages/memoize", 0.7.4
"@emotion/serialize", "MIT", "https://github.com/emotion-js/emotion/tree/master/packages/serialize", 0.11.16
"@emotion/stylis", "MIT", "https://github.com/emotion-js/emotion/tree/master/packages/stylis", 0.8.5
"@emotion/sheet", "MIT", "https://github.com/emotion-js/emotion/tree/master/packages/sheet", 0.9.4
"@emotion/utils", "MIT", "https://github.com/emotion-js/emotion/tree/master/packages/serialize", 0.11.3
"@emotion/unitless", "MIT", "https://github.com/emotion-js/emotion/tree/master/packages/unitless", 0.7.5
"@emotion/weak-memoize", "MIT", "https://github.com/emotion-js/emotion/tree/master/packages/weak-memoize", 0.2.5
"@hapi/bourne", "BSD-3-Clause", "https://github.com/hapijs/bourne", 1.3.2
"@hapi/address", "BSD-3-Clause", "https://github.com/hapijs/address", 2.1.4
"@hapi/hoek", "BSD-3-Clause", "https://github.com/hapijs/hoek", 8.5.1
"@hapi/topo", "BSD-3-Clause", "https://github.com/hapijs/topo", 3.1.6
"@hapi/joi", "BSD-3-Clause", "https://github.com/hapijs/joi", 15.1.1
"@jest/console", "MIT", "https://github.com/facebook/jest", 24.9.0
"@mrmlnc/readdir-enhanced", "MIT", "https://github.com/bigstickcarpet/readdir-enhanced", 24.9.0 & 24.9.0 & 24.9.0 & 24.9.0 & 24.9.0 & 24.9.0 & 24.9.0 & 24.9.0 & 24.9.0
"@popperjs/core", "MIT", "https://github.com/popperjs/popper-core", 2.3.3
"@nodelib/fs.stat", "MIT", "https://github.com/nodelib/nodelib/tree/master/packages/fs/fs.stat", 1.1.3
"@reduxjs/toolkit", "MIT", "https://github.com/reduxjs/redux-toolkit", 1.3.4
"@restart/context", "MIT", "https://github.com/react-restart/context", 2.1.4
"@restart/hooks", "MIT", "https://github.com/jquense/react-common-hooks", 0.3.22
"@svgr/babel-plugin-add-jsx-attribute", "MIT", "https://github.com/smooth-code/svgr/tree/master/packages/babel-plugin-add-jsx-attribute", 4.2.0
"@svgr/babel-plugin-remove-jsx-empty-expression", "MIT", "https://github.com/smooth-code/svgr/tree/master/packages/babel-plugin-remove-jsx-empty-expression", 4.2.0
"@svgr/babel-plugin-remove-jsx-attribute", "MIT", "https://github.com/smooth-code/svgr/tree/master/packages/babel-plugin-remove-jsx-attribute", 4.2.0
"@svgr/babel-plugin-replace-jsx-attribute-value", "MIT", "https://github.com/smooth-code/svgr/tree/master/packages/babel-plugin-replace-jsx-attribute-value", 4.2.0
"@svgr/babel-plugin-svg-dynamic-title", "MIT", "https://github.com/smooth-code/svgr/tree/master/packages/babel-plugin-svg-dynamic-title", 4.3.3
"@svgr/babel-plugin-svg-em-dimensions", "MIT", "https://github.com/smooth-code/svgr/tree/master/packages/babel-plugin-svg-em-dimensions", 4.2.0
"@svgr/babel-plugin-transform-react-native-svg", "MIT", "https://github.com/smooth-code/svgr/tree/master/packages/babel-plugin-transform-react-native-svg", 4.2.0
"@svgr/babel-plugin-transform-svg-component", "MIT", "https://github.com/smooth-code/svgr/tree/master/packages/babel-plugin-transform-svg-component", 4.2.0
"@svgr/babel-preset", "MIT", "https://github.com/smooth-code/svgr/tree/master/packages/babel-preset", 4.3.3
"@svgr/core", "MIT", "https://github.com/smooth-code/svgr/tree/master/packages/core", 4.3.3
"@svgr/hast-util-to-babel-ast", "MIT", "https://github.com/smooth-code/svgr/tree/master/packages/hast-util-to-babel-ast", 4.3.2
"@svgr/plugin-jsx", "MIT", "https://github.com/smooth-code/svgr/tree/master/packages/plugin-jsx", 4.3.3
"@types/babel__core", "MIT", "https://github.com/DefinitelyTyped/DefinitelyTyped", 7.1.7
"@svgr/plugin-svgo", "MIT", "https://github.com/smooth-code/svgr/tree/master/packages/plugin-svgo", 4.3.1
"@typescript-eslint/eslint-plugin", "MIT", "https://github.com/typescript-eslint/typescript-eslint", 7.6.1 & 7.0.2 & 7.0.10 & 1.1.1 & 1.0.0 & 3.0.0 & 7.1.1 & 2.0.1 & 3.0.0 & 1.1.1 & 7.0.4 & 3.0.3 & 13.13.0 & 4.0.0 & 15.7.3 & 1.5.2 & 16.9.34 & 1.0.1 & 15.0.0 & 13.0.8
"@svgr/webpack", "MIT", "https://github.com/smooth-code/svgr/tree/master/packages/webpack", 4.3.3
"@webassemblyjs/ast", "MIT", "https://github.com/xtuc/webassemblyjs", 2.28.0 & 2.28.0 & 2.28.0
"@webassemblyjs/helper-buffer", "MIT", "https://github.com/xtuc/webassemblyjs", 1.8.5
"@webassemblyjs/helper-api-error", "MIT", "", 1.8.5
"@webassemblyjs/helper-fsm", "ISC", "", 1.8.5
"@webassemblyjs/helper-module-context", "MIT", "https://github.com/xtuc/webassemblyjs", 1.8.5
"@webassemblyjs/ieee754", "MIT", "", 1.8.5 & 1.8.5
"@webassemblyjs/utf8", "MIT", "https://github.com/xtuc/webassemblyjs", 1.8.5
"@xtuc/ieee754", "BSD-3-Clause", "https://github.com/feross/ieee754", 1.8.5 & 1.8.5 & 1.8.5 & 1.8.5 & 1.8.5 & 1.8.5
"@xtuc/long", "Apache-2.0", "https://github.com/dcodeIO/long.js", 4.2.2
"abbrev", "ISC", "https://github.com/isaacs/abbrev-js", 1.1.1
"accepts", "MIT", "https://github.com/jshttp/accepts", 1.3.7
"abab", "BSD-3-Clause", "https://github.com/jsdom/abab", 2.0.3
"acorn-jsx", "MIT", "https://github.com/acornjs/acorn-jsx", 5.2.0
"acorn-globals", "MIT", "https://github.com/ForbesLindesay/acorn-globals", 4.3.4
"acorn-walk", "MIT", "https://github.com/acornjs/acorn", 6.2.0
"address", "MIT", "https://github.com/node-modules/address", 5.7.4 & 6.4.1 & 7.1.1
"adjust-sourcemap-loader", "MIT", "https://github.com/bholloway/adjust-sourcemap-loader", 2.0.0
"aggregate-error", "MIT", "https://github.com/sindresorhus/aggregate-error", 3.0.1
"ajv-keywords", "MIT", "https://github.com/epoberezkin/ajv-keywords", 3.4.1
"ajv-errors", "MIT", "https://github.com/epoberezkin/ajv-errors", 1.0.1
"ajv", "MIT", "https://github.com/epoberezkin/ajv", 6.12.1
"alphanum-sort", "MIT", "https://github.com/TrySound/alphanum-sort", 1.0.2
"ansi-colors", "MIT", "https://github.com/doowb/ansi-colors", 3.2.4
"amdefine", "BSD-3-Clause OR MIT", "https://github.com/jrburke/amdefine", 1.0.1
"ansi-escapes", "MIT", "https://github.com/sindresorhus/ansi-escapes", 3.2.0
"ansi-html", "Apache-2.0", "https://github.com/Tjatse/ansi-html", 4.3.1
"ansi-regex", "MIT", "https://github.com/chalk/ansi-regex", 2.1.1
"ansi-styles", "MIT", "https://github.com/chalk/ansi-styles", 3.0.0 & 4.1.0 & 5.0.0
"anymatch", "ISC", "https://github.com/micromatch/anymatch", 3.2.1 & 4.2.1
"are-we-there-yet", "ISC", "https://github.com/iarna/are-we-there-yet", 1.1.5
"argparse", "MIT", "https://github.com/nodeca/argparse", 1.0.10
"aria-query", "Apache-2.0", "https://github.com/A11yance/aria-query", 3.0.0
"arr-diff", "MIT", "https://github.com/jonschlinkert/arr-diff", 4.0.0
"arity-n", "MIT", "https://github.com/stoeffel/arityN", 1.0.4
"arr-flatten", "MIT", "https://github.com/jonschlinkert/arr-flatten", 1.1.0
"arr-union", "MIT", "https://github.com/jonschlinkert/arr-union", 3.1.0
"array-equal", "MIT", "https://github.com/component/array-equal", 1.0.0
"aproba", "ISC", "https://github.com/iarna/aproba", 3.1.1
"array-includes", "MIT", "https://github.com/es-shims/array-includes", 2.1.2
"array-flatten", "MIT", "https://github.com/blakeembrey/array-flatten", 1.1.1
"array-union", "MIT", "https://github.com/sindresorhus/array-union", 1.0.2
"array-unique", "MIT", "https://github.com/jonschlinkert/array-unique", 0.3.2
"array-uniq", "MIT", "https://github.com/sindresorhus/array-uniq", 1.0.3
"array-find-index", "MIT", "https://github.com/sindresorhus/array-find-index", 1.0.2
"array.prototype.flat", "MIT", "https://github.com/es-shims/Array.prototype.flat", 1.2.3
"arrify", "MIT", "https://github.com/sindresorhus/arrify", 1.0.1
"asap", "MIT", "https://github.com/kriskowal/asap", 2.0.6
"asn1", "MIT", "https://github.com/joyent/node-asn1", 0.2.4
"assert-plus", "MIT", "https://github.com/mcavage/node-assert-plus", 1.0.0
"assert", "MIT", "https://github.com/defunctzombie/commonjs-assert", 1.4.1
"asn1.js", "MIT", "https://github.com/indutny/asn1.js", 4.10.1
"assign-symbols", "MIT", "https://github.com/jonschlinkert/assign-symbols", 1.0.0
"ast-types-flow", "ISC", "https://github.com/kyldvs/ast-types-flow", 0.0.7
"astral-regex", "MIT", "https://github.com/kevva/astral-regex", 1.0.0
"async-each", "MIT", "https://github.com/paulmillr/async-each", 1.0.3
"async-foreach", "MIT*", "https://github.com/cowboy/javascript-sync-async-foreach", 0.1.3
"async-limiter", "MIT", "https://github.com/strml/async-limiter", 1.0.1
"async", "MIT", "https://github.com/caolan/async", 2.6.3
"asynckit", "MIT", "https://github.com/alexindigo/asynckit", 0.4.0
"atob", "(MIT OR Apache-2.0)", "git://git.coolaj86.com/coolaj86/atob.js", 2.1.2
"autoprefixer", "MIT", "https://github.com/postcss/autoprefixer", 9.7.6
"aws-sign2", "Apache-2.0", "https://github.com/mikeal/aws-sign", 0.7.0
"aws4", "MIT", "https://github.com/mhart/aws4", 1.9.1
"axobject-query", "Apache-2.0", "https://github.com/A11yance/axobject-query", 2.1.2
"axios", "MIT", "https://github.com/axios/axios", 0.19.2
"babel-code-frame", "MIT", "https://github.com/babel/babel/tree/master/packages/babel-code-frame", 6.26.0
"babel-eslint", "MIT", "https://github.com/babel/babel-eslint", 10.0.3
"babel-extract-comments", "MIT", "https://github.com/jonschlinkert/babel-extract-comments", 1.0.0
"babel-jest", "MIT", "https://github.com/facebook/jest", 24.9.0
"babel-loader", "MIT", "https://github.com/babel/babel-loader", 8.0.6
"babel-plugin-dynamic-import-node", "MIT", "https://github.com/airbnb/babel-plugin-dynamic-import-node", 2.3.0
"babel-plugin-emotion", "MIT", "https://github.com/emotion-js/emotion/tree/master/packages/babel-plugin-emotion", 10.0.33
"babel-plugin-istanbul", "BSD-3-Clause", "https://github.com/istanbuljs/babel-plugin-istanbul", 5.2.0
"babel-plugin-jest-hoist", "MIT", "https://github.com/facebook/jest", 24.9.0
"babel-plugin-macros", "MIT", "https://github.com/kentcdodds/babel-plugin-macros", 2.8.0
"babel-plugin-named-asset-import", "MIT", "https://github.com/facebook/create-react-app", 0.3.6
"babel-plugin-syntax-jsx", "MIT", "https://github.com/babel/babel/tree/master/packages/babel-plugin-syntax-jsx", 6.18.0
"babel-plugin-syntax-object-rest-spread", "MIT", "https://github.com/babel/babel/tree/master/packages/babel-plugin-syntax-object-rest-spread", 6.13.0
"babel-plugin-transform-object-rest-spread", "MIT", "https://github.com/babel/babel/tree/master/packages/babel-plugin-transform-object-rest-spread", 6.26.0
"babel-plugin-transform-react-remove-prop-types", "MIT", "https://github.com/oliviertassinari/babel-plugin-transform-react-remove-prop-types", 0.4.24
"babel-preset-jest", "MIT", "https://github.com/facebook/jest", 24.9.0
"babel-preset-react-app", "MIT", "https://github.com/facebook/create-react-app", 9.1.2
"babel-runtime", "MIT", "https://github.com/babel/babel/tree/master/packages/babel-runtime", 6.26.0
"babylon", "MIT", "https://github.com/babel/babylon", 6.18.0
"balanced-match", "MIT", "https://github.com/juliangruber/balanced-match", 1.0.0
"base64-js", "MIT", "https://github.com/beatgammit/base64-js", 1.3.1
"bcrypt-pbkdf", "BSD-3-Clause", "https://github.com/joyent/node-bcrypt-pbkdf", 1.0.2
"base", "MIT", "https://github.com/node-base/base", 0.11.2
"binary-extensions", "MIT", "https://github.com/sindresorhus/binary-extensions", 1.13.1
"batch", "MIT", "https://github.com/visionmedia/batch", 0.6.1
"block-stream", "ISC", "https://github.com/isaacs/block-stream", 2.0.0
"bn.js", "MIT", "https://github.com/indutny/bn.js", 4.11.8
"body-parser", "MIT", "https://github.com/expressjs/body-parser", 1.19.0
"bluebird", "MIT", "https://github.com/petkaantonov/bluebird", 3.7.2
"boolbase", "ISC", "https://github.com/fb55/boolbase", 1.0.0
"bonjour", "MIT", "https://github.com/watson/bonjour", 3.5.0
"bootstrap", "MIT", "https://github.com/twbs/bootstrap", 4.4.1
"brace-expansion", "MIT", "https://github.com/juliangruber/brace-expansion", 1.1.11
"braces", "MIT", "https://github.com/micromatch/braces", 2.3.2
"brorand", "MIT", "https://github.com/indutny/brorand", 3.0.2
"browser-process-hrtime", "BSD-2-Clause", "https://github.com/kumavis/browser-process-hrtime", 1.0.0
"browserify-aes", "MIT", "https://github.com/crypto-browserify/browserify-aes", 1.2.0
"browser-resolve", "MIT", "https://github.com/shtylman/node-browser-resolve", 1.11.3
"browserify-cipher", "MIT", "https://github.com/crypto-browserify/browserify-cipher", 1.0.1
"browserify-rsa", "MIT", "https://github.com/crypto-browserify/browserify-rsa", 4.0.1
"browserify-des", "MIT", "https://github.com/crypto-browserify/browserify-des", 1.0.2
"browserify-sign", "ISC", "https://github.com/crypto-browserify/browserify-sign", 4.0.4
"browserify-zlib", "MIT", "https://github.com/devongovett/browserify-zlib", 0.2.0
"browserslist", "MIT", "https://github.com/browserslist/browserslist", 4.10.0
"bser", "Apache-2.0", "https://github.com/facebook/watchman", 4.11.1
"buffer-from", "MIT", "https://github.com/LinusU/buffer-from", 1.1.1
"buffer-indexof", "MIT", "https://github.com/soldair/node-buffer-indexof", 1.1.1
"buffer-xor", "MIT", "https://github.com/crypto-browserify/buffer-xor", 1.0.3
"buffer", "MIT", "https://github.com/feross/buffer", 4.9.2
"builtin-status-codes", "MIT", "https://github.com/bendrucker/builtin-status-codes", 3.0.0
"bytes", "MIT", "https://github.com/visionmedia/bytes.js", 3.0.0
"cacache", "ISC", "https://github.com/npm/cacache", 3.1.0
"cache-base", "MIT", "https://github.com/jonschlinkert/cache-base", 13.0.1
"call-me-maybe", "MIT", "https://github.com/limulus/call-me-maybe", 1.0.1
"caller-callsite", "MIT", "https://github.com/sindresorhus/caller-callsite", 2.0.0
"caller-path", "MIT", "https://github.com/sindresorhus/caller-path", 2.0.0
"callsites", "MIT", "https://github.com/sindresorhus/callsites", 2.0.0
"camel-case", "MIT", "https://github.com/blakeembrey/change-case", 3.1.0
"camelcase-keys", "MIT", "https://github.com/sindresorhus/camelcase-keys", 2.1.0
"camelcase", "MIT", "https://github.com/sindresorhus/camelcase", 2.1.1
"caniuse-api", "MIT", "https://github.com/nyalab/caniuse-api", 3.0.0 & 5.0.0 & 5.3.1
"caniuse-lite", "CC-BY-4.0", "https://github.com/ben-eb/caniuse-lite", 1.0.30001043
"capture-exit", "ISC", "https://github.com/stefanpenner/capture-exit", 2.0.0
"case-sensitive-paths-webpack-plugin", "MIT", "https://github.com/Urthen/case-sensitive-paths-webpack-plugin", 2.3.0
"caseless", "Apache-2.0", "https://github.com/mikeal/caseless", 0.12.0
"chalk", "MIT", "https://github.com/chalk/chalk", 1.1.3
"chardet", "MIT", "https://github.com/runk/node-chardet", 2.4.2 & 3.0.0
"chokidar", "MIT", "https://github.com/paulmillr/chokidar", 2.1.8
"chownr", "ISC", "https://github.com/isaacs/chownr", 3.3.1
"chrome-trace-event", "MIT", "github.com:samccone/chrome-trace-event", 1.0.2
"ci-info", "MIT", "https://github.com/watson/ci-info", 2.0.0
"cipher-base", "MIT", "https://github.com/crypto-browserify/cipher-base", 1.0.4
"class-utils", "MIT", "https://github.com/jonschlinkert/class-utils", 0.3.6
"clean-css", "MIT", "https://github.com/jakubpawlowicz/clean-css", 4.2.3
"classnames", "MIT", "https://github.com/JedWatson/classnames", 2.2.6
"clean-stack", "MIT", "https://github.com/sindresorhus/clean-stack", 2.2.0
"cli-cursor", "MIT", "https://github.com/sindresorhus/cli-cursor", 3.1.0
"cliui", "ISC", "https://github.com/yargs/cliui", 3.2.0
"cli-width", "ISC", "https://github.com/knownasilya/cli-width", 2.2.1
"clone-deep", "MIT", "https://github.com/jonschlinkert/clone-deep", 4.1.0 & 5.0.0
"co", "MIT", "https://github.com/tj/co", 4.0.1
"coa", "MIT", "https://github.com/veged/coa", 2.0.2
"code-point-at", "MIT", "https://github.com/sindresorhus/code-point-at", 1.1.0
"collection-visit", "MIT", "https://github.com/jonschlinkert/collection-visit", 1.0.0
"color-convert", "MIT", "https://github.com/Qix-/color-convert", 1.9.3
"color-name", "MIT", "https://github.com/dfcreative/color-name", 2.0.1
"color-name", "MIT", "https://github.com/colorjs/color-name", 1.1.4
"color", "MIT", "https://github.com/Qix-/color", 3.1.2
"color-string", "MIT", "https://github.com/Qix-/color-string", 1.5.3
"combined-stream", "MIT", "https://github.com/felixge/node-combined-stream", 1.0.8
"commander", "MIT", "https://github.com/tj/commander.js", 2.20.3
"common-tags", "MIT", "https://github.com/declandewet/common-tags", 4.1.1
"commondir", "MIT", "https://github.com/substack/node-commondir", 1.0.1
"component-emitter", "MIT", "https://github.com/component/emitter", 1.3.0
"compressible", "MIT", "https://github.com/jshttp/compressible", 2.0.18
"compose-function", "MIT", "https://github.com/stoeffel/compose-function", 3.0.3
"compression", "MIT", "https://github.com/expressjs/compression", 1.7.4
"concat-map", "MIT", "https://github.com/substack/node-concat-map", 0.0.1
"confusing-browser-globals", "MIT", "https://github.com/facebook/create-react-app", 1.0.9
"concat-stream", "MIT", "https://github.com/maxogden/concat-stream", 1.6.2
"connect-history-api-fallback", "MIT", "https://github.com/bripkens/connect-history-api-fallback", 1.6.0
"console-browserify", "MIT", "https://github.com/browserify/console-browserify", 1.2.0
"console-control-strings", "ISC", "https://github.com/iarna/console-control-strings", 1.1.0
"constants-browserify", "MIT", "https://github.com/juliangruber/constants-browserify", 1.0.0
"contains-path", "MIT", "https://github.com/jonschlinkert/contains-path", 0.1.0
"content-disposition", "MIT", "https://github.com/jshttp/content-disposition", 0.5.3
"content-type", "MIT", "https://github.com/jshttp/content-type", 1.0.4
"convert-source-map", "MIT", "https://github.com/thlorenz/convert-source-map", 0.3.5
"cookie-signature", "MIT", "https://github.com/visionmedia/node-cookie-signature", 1.7.0
"copy-concurrently", "ISC", "https://github.com/npm/copy-concurrently", 1.0.5
"cookie", "MIT", "https://github.com/jshttp/cookie", 0.4.0
"copy-descriptor", "MIT", "https://github.com/jonschlinkert/copy-descriptor", 0.1.1
"core-js-compat", "MIT", "https://github.com/zloirock/core-js", 3.6.5
"create-ecdh", "MIT", "https://github.com/crypto-browserify/createECDH", 6.0.0
"core-util-is", "MIT", "https://github.com/isaacs/core-util-is", 2.6.11 & 3.6.5
"cosmiconfig", "MIT", "https://github.com/davidtheclark/cosmiconfig", 5.2.1
"create-hash", "MIT", "https://github.com/crypto-browserify/createHash", 1.2.0
"create-hmac", "MIT", "https://github.com/crypto-browserify/createHmac", 1.1.7
"create-react-context", "MIT", "https://github.com/thejameskyle/create-react-context", 0.3.0
"cross-spawn", "MIT", "https://github.com/IndigoUnited/node-cross-spawn", 3.0.1
"cross-spawn", "MIT", "https://github.com/moxystudio/node-cross-spawn", 6.0.5
"crypto-browserify", "MIT", "https://github.com/crypto-browserify/crypto-browserify", 7.0.1
"css-blank-pseudo", "CC0-1.0", "https://github.com/csstools/css-blank-pseudo", 0.1.4
"css-color-names", "MIT", "https://github.com/bahamas10/css-color-names", 0.0.4
"css-declaration-sorter", "MIT", "https://github.com/Siilwyn/css-declaration-sorter", 4.0.1
"css-has-pseudo", "CC0-1.0", "https://github.com/csstools/css-has-pseudo", 0.10.0
"css-loader", "MIT", "https://github.com/webpack-contrib/css-loader", 3.4.2
"css-prefers-color-scheme", "CC0-1.0", "https://github.com/csstools/css-prefers-color-scheme", 3.1.1
"css-select-base-adapter", "MIT", "https://github.com/nrkn/css-select-base-adapter", 0.1.1
"css-tree", "MIT", "https://github.com/csstree/csstree", 2.1.0
"css-select", "BSD*", "https://github.com/fb55/css-select", 1.2.0
"css-what", "BSD-2-Clause", "https://github.com/fb55/css-what", 1.0.0-alpha.39
"css", "MIT", "https://github.com/reworkcss/css", 3.2.1
"cssdb", "CC0-1.0", "https://github.com/csstools/cssdb", 4.4.0
"cssesc", "MIT", "https://github.com/mathiasbynens/cssesc", 2.0.0
"cssnano-preset-default", "MIT", "https://github.com/cssnano/cssnano", 3.0.0
"csso", "MIT", "https://github.com/css/csso", 4.0.0 & 4.0.0 & 4.0.1 & 4.0.1 & 4.1.10
"cssom", "MIT", "https://github.com/NV/CSSOM", 0.3.8
"cssstyle", "MIT", "https://github.com/jsakas/CSSStyleDeclaration", 1.4.0
"csstype", "MIT", "https://github.com/frenic/csstype", 2.6.10
"currently-unhandled", "MIT", "https://github.com/jamestalmage/currently-unhandled", 0.4.1
"cyclist", "MIT", "https://github.com/mafintosh/cyclist", 1.0.1
"d", "ISC", "https://github.com/medikoo/d", 1.0.1
"damerau-levenshtein", "BSD-2-Clause", "https://github.com/tad-lispy/node-damerau-levenshtein", 1.0.6
"dashdash", "MIT", "https://github.com/trentm/node-dashdash", 1.14.1
"data-urls", "MIT", "https://github.com/jsdom/data-urls", 1.1.0
"date-fns", "MIT", "https://github.com/date-fns/date-fns", 2.12.0
"debug", "MIT", "https://github.com/visionmedia/debug", 2.6.9
"decode-uri-component", "MIT", "https://github.com/SamVerschueren/decode-uri-component", 0.2.0
"decamelize", "MIT", "https://github.com/sindresorhus/decamelize", 3.1.0 & 3.2.6 & 4.1.1
"deep-equal", "MIT", "https://github.com/substack/node-deep-equal", 1.1.1
"deep-is", "MIT", "https://github.com/thlorenz/deep-is", 0.1.3
"default-gateway", "BSD-2-Clause", "https://github.com/silverwind/default-gateway", 4.2.0
"define-properties", "MIT", "https://github.com/ljharb/define-properties", 1.1.3
"define-property", "MIT", "https://github.com/jonschlinkert/define-property", 0.2.5
"del", "MIT", "https://github.com/sindresorhus/del", 1.0.0 & 2.0.2
"delayed-stream", "MIT", "https://github.com/felixge/node-delayed-stream", 1.0.0
"depd", "MIT", "https://github.com/dougwilson/nodejs-depd", 1.1.2
"delegates", "MIT", "https://github.com/visionmedia/node-delegates", 1.0.0
"des.js", "MIT", "https://github.com/indutny/des.js", 1.0.1
"destroy", "MIT", "https://github.com/stream-utils/destroy", 1.0.4
"detect-newline", "MIT", "https://github.com/sindresorhus/detect-newline", 2.1.0
"detect-node", "ISC", "https://github.com/iliakan/detect-node", 2.0.4
"detect-port-alt", "MIT", "https://github.com/node-modules/detect-port", 1.1.6
"diff-sequences", "MIT", "https://github.com/facebook/jest", 24.9.0
"diffie-hellman", "MIT", "https://github.com/crypto-browserify/diffie-hellman", 5.0.3
"dns-equal", "MIT", "https://github.com/watson/dns-equal", 1.0.0
"dir-glob", "MIT", "https://github.com/kevva/dir-glob", 2.0.0
"dns-packet", "MIT", "https://github.com/mafintosh/dns-packet", 1.3.1
"dns-txt", "MIT", "https://github.com/watson/dns-txt", 2.0.2
"doctrine", "BSD", "https://github.com/eslint/doctrine", 1.5.0
"dom-converter", "MIT", "https://github.com/AriaMinaei/dom-converter", 2.1.0 & 3.0.0
"dom-helpers", "MIT", "https://github.com/react-bootstrap/dom-helpers", 5.1.4
"dom-serializer", "MIT", "https://github.com/cheeriojs/dom-renderer", 0.2.2
"domain-browser", "MIT", "https://github.com/bevry/domain-browser", 1.2.0
"domelementtype", "BSD-2-Clause", "https://github.com/fb55/domelementtype", 1.3.1
"domexception", "MIT", "https://github.com/jsdom/domexception", 2.0.1
"domhandler", "BSD-2-Clause", "https://github.com/fb55/DomHandler", 2.4.2
"domutils", "BSD*", "https://github.com/FB55/domutils", 1.5.1
"dot-case", "MIT", "https://github.com/blakeembrey/change-case", 1.7.0
"dot-prop", "MIT", "https://github.com/sindresorhus/dot-prop", 5.2.0
"dotenv", "BSD-2-Clause", "https://github.com/motdotla/dotenv", 8.2.0
"dotenv-expand", "BSD-2-Clause", "", 5.1.0
"duplexer", "MIT", "https://github.com/Raynos/duplexer", 0.1.1
"duplexify", "MIT", "https://github.com/mafintosh/duplexify", 3.7.1
"ecc-jsbn", "MIT", "https://github.com/quartzjer/ecc-jsbn", 0.1.2
"ee-first", "MIT", "https://github.com/jonathanong/ee-first", 1.1.1
"elliptic", "MIT", "https://github.com/indutny/elliptic", 6.5.2
"electron-to-chromium", "ISC", "https://github.com/kilian/electron-to-chromium", 1.3.413
"emojis-list", "MIT", "https://github.com/kikobeats/emojis-list", 8.0.0
"emoji-regex", "MIT", "https://github.com/mathiasbynens/emoji-regex", 7.0.3
"encodeurl", "MIT", "https://github.com/pillarjs/encodeurl", 3.0.0
"entities", "BSD-2-Clause", "https://github.com/fb55/entities", 1.1.2
"end-of-stream", "MIT", "https://github.com/mafintosh/end-of-stream", 1.4.4
"enhanced-resolve", "MIT", "https://github.com/webpack/enhanced-resolve", 4.1.1
"errno", "MIT", "https://github.com/rvagg/node-errno", 2.0.0
"error-ex", "MIT", "https://github.com/qix-/node-error-ex", 1.3.2
"es-abstract", "MIT", "https://github.com/ljharb/es-abstract", 1.17.5
"es-to-primitive", "MIT", "https://github.com/ljharb/es-to-primitive", 1.2.1
"es6-symbol", "ISC", "https://github.com/medikoo/es6-symbol", 3.1.3
"es5-ext", "ISC", "https://github.com/medikoo/es5-ext", 0.10.53
"es6-iterator", "MIT", "https://github.com/medikoo/es6-iterator", 2.0.3
"escodegen", "BSD-2-Clause", "https://github.com/estools/escodegen", 2.0.0
"escape-html", "MIT", "https://github.com/component/escape-html", 1.0.3
"escape-string-regexp", "MIT", "https://github.com/sindresorhus/escape-string-regexp", 1.0.5
"eslint-loader", "MIT", "https://github.com/webpack-contrib/eslint-loader", 3.0.3
"eslint-config-react-app", "MIT", "https://github.com/facebook/create-react-app", 5.2.1
"eslint-import-resolver-node", "MIT", "https://github.com/benmosher/eslint-plugin-import", 0.3.3
"eslint-module-utils", "MIT", "https://github.com/benmosher/eslint-plugin-import", 2.6.0
"eslint-plugin-flowtype", "BSD-3-Clause", "https://github.com/gajus/eslint-plugin-flowtype", 4.6.0
"eslint-plugin-import", "MIT", "https://github.com/benmosher/eslint-plugin-import", 2.20.0
"eslint-plugin-jsx-a11y", "MIT", "https://github.com/evcohen/eslint-plugin-jsx-a11y", 6.2.3
"eslint-plugin-react-hooks", "MIT", "https://github.com/facebook/react", 1.7.0
"eslint-scope", "BSD-2-Clause", "https://github.com/eslint/eslint-scope", 4.0.3
"eslint-plugin-react", "MIT", "https://github.com/yannickcr/eslint-plugin-react", 7.18.0
"eslint-utils", "MIT", "https://github.com/mysticatea/eslint-utils", 5.0.0
"eslint-visitor-keys", "Apache-2.0", "https://github.com/eslint/eslint-visitor-keys", 2.0.0
"eslint", "MIT", "https://github.com/eslint/eslint", 6.8.0
"esquery", "BSD-3-Clause", "https://github.com/estools/esquery", 1.3.1
"espree", "BSD-2-Clause", "https://github.com/eslint/espree", 6.2.1
"esprima", "BSD-2-Clause", "https://github.com/jquery/esprima", 4.0.1
"esutils", "BSD-2-Clause", "https://github.com/estools/esutils", 5.1.0
"esrecurse", "BSD-2-Clause", "https://github.com/estools/esrecurse", 4.2.1
"estraverse", "BSD-2-Clause", "https://github.com/estools/estraverse", 4.3.0
"etag", "MIT", "https://github.com/jshttp/etag", 1.8.1
"eventemitter3", "MIT", "https://github.com/primus/eventemitter3", 4.0.0
"events", "MIT", "https://github.com/Gozala/events", 3.1.0
"exec-sh", "MIT", "https://github.com/tsertkov/exec-sh", 0.3.4
"eventsource", "MIT", "https://github.com/EventSource/eventsource", 1.0.7
"evp_bytestokey", "MIT", "https://github.com/crypto-browserify/EVP_BytesToKey", 1.0.3
"execa", "MIT", "https://github.com/sindresorhus/execa", 1.0.0
"exit", "MIT", "https://github.com/cowboy/node-exit", 0.1.2
"expand-brackets", "MIT", "https://github.com/jonschlinkert/expand-brackets", 2.1.4
"expect", "MIT", "https://github.com/facebook/jest", 24.9.0
"express", "MIT", "https://github.com/expressjs/express", 4.17.1
"ext", "ISC", "https://github.com/medikoo/es5-ext/tree/ext", 1.4.0
"extend-shallow", "MIT", "https://github.com/jonschlinkert/extend-shallow", 2.0.1
"extglob", "MIT", "https://github.com/micromatch/extglob", 2.0.4
"extend", "MIT", "https://github.com/justmoon/node-extend", 3.0.2
"external-editor", "MIT", "https://github.com/mrkmg/node-external-editor", 3.1.0
"extsprintf", "MIT", "https://github.com/davepacheco/node-extsprintf", 1.3.0
"fast-json-stable-stringify", "MIT", "https://github.com/epoberezkin/fast-json-stable-stringify", 2.1.0
"faye-websocket", "MIT", "https://github.com/faye/faye-websocket-node", 0.10.0
"fb-watchman", "Apache-2.0", "https://github.com/facebook/watchman", 0.11.3
"figgy-pudding", "ISC", "https://github.com/npm/figgy-pudding", 3.5.2
"figures", "MIT", "https://github.com/sindresorhus/figures", 3.2.0
"file-entry-cache", "MIT", "https://github.com/royriojas/file-entry-cache", 5.0.1
"file-loader", "MIT", "https://github.com/webpack-contrib/file-loader", 4.3.0
"filesize", "BSD-3-Clause", "https://github.com/avoidwork/filesize.js", 6.0.1
"fill-range", "MIT", "https://github.com/jonschlinkert/fill-range", 4.0.0
"finalhandler", "MIT", "https://github.com/pillarjs/finalhandler", 7.0.1
"find-cache-dir", "MIT", "https://github.com/jamestalmage/find-cache-dir", 0.1.1
"find-cache-dir", "MIT", "https://github.com/avajs/find-cache-dir", 2.1.0
"find-root", "MIT", "https://github.com/js-n/find-root", 3.3.1
"find-up", "MIT", "https://github.com/sindresorhus/find-up", 1.1.2
"flat-cache", "MIT", "https://github.com/royriojas/flat-cache", 2.1.0 & 3.0.0 & 4.1.0
"flatted", "ISC", "https://github.com/WebReflection/flatted", 2.0.2
"flatten", "MIT", "https://github.com/mk-pmb/flatten-js", 1.0.3
"flush-write-stream", "MIT", "https://github.com/mafintosh/flush-write-stream", 1.1.1
"follow-redirects", "MIT", "https://github.com/follow-redirects/follow-redirects", 1.5.10
"for-in", "MIT", "https://github.com/jonschlinkert/for-in", 0.1.8
"for-own", "MIT", "https://github.com/jonschlinkert/for-own", 1.0.2
"forever-agent", "Apache-2.0", "https://github.com/mikeal/forever-agent", 0.6.1
"fork-ts-checker-webpack-plugin", "MIT", "https://github.com/TypeStrong/fork-ts-checker-webpack-plugin", 3.1.1
"form-data", "MIT", "https://github.com/form-data/form-data", 2.3.3
"forwarded", "MIT", "https://github.com/jshttp/forwarded", 0.1.2
"fragment-cache", "MIT", "https://github.com/jonschlinkert/fragment-cache", 0.2.1
"fresh", "MIT", "https://github.com/jshttp/fresh", 0.5.2
"big.js", "MIT", "https://github.com/MikeMcl/big.js", 5.2.2
"from2", "MIT", "https://github.com/hughsk/from2", 2.3.0
"fs-extra", "MIT", "https://github.com/jprichardson/node-fs-extra", 4.0.3
"fs-minipass", "ISC", "https://github.com/npm/fs-minipass", 7.0.1 & 8.1.0
"fs-write-stream-atomic", "ISC", "https://github.com/npm/fs-write-stream-atomic", 1.0.10
"fs.realpath", "ISC", "https://github.com/isaacs/fs.realpath", 1.0.0
"fstream", "ISC", "https://github.com/npm/fstream", 1.0.12
"function-bind", "MIT", "https://github.com/Raynos/function-bind", 1.1.1
"gensync", "MIT", "", 1.0.0-beta.1
"gaze", "MIT", "https://github.com/shama/gaze", 1.1.3
"get-caller-file", "ISC", "https://github.com/stefanpenner/get-caller-file", 1.0.3
"get-own-enumerable-property-symbols", "ISC", "https://github.com/mightyiam/get-own-enumerable-property-symbols", 2.0.5
"get-stdin", "MIT", "https://github.com/sindresorhus/get-stdin", 4.0.1
"get-stream", "MIT", "https://github.com/sindresorhus/get-stream", 4.1.0
"get-value", "MIT", "https://github.com/jonschlinkert/get-value", 2.0.6
"getpass", "MIT", "https://github.com/arekinath/node-getpass", 0.1.7
"glob-parent", "ISC", "https://github.com/es128/glob-parent", 3.1.0
"glob-parent", "ISC", "https://github.com/gulpjs/glob-parent", 5.1.1
"glob-to-regexp", "BSD*", "https://github.com/fitzgen/glob-to-regexp", 0.3.0
"fast-deep-equal", "MIT", "https://github.com/epoberezkin/fast-deep-equal", 3.1.1
"glob", "ISC", "https://github.com/isaacs/node-glob", 7.1.6
"fast-glob", "MIT", "https://github.com/mrmlnc/fast-glob", 2.2.7
"fast-levenshtein", "MIT", "https://github.com/hiddentao/fast-levenshtein", 2.0.6
"global-modules", "MIT", "https://github.com/jonschlinkert/global-modules", 2.0.0
"global-prefix", "MIT", "https://github.com/jonschlinkert/global-prefix", 3.0.0
"globals", "MIT", "https://github.com/sindresorhus/globals", 11.12.0
"globby", "MIT", "https://github.com/sindresorhus/globby", 12.4.0
"globule", "MIT", "https://github.com/cowboy/node-globule", 8.0.2
"graceful-fs", "ISC", "https://github.com/isaacs/node-graceful-fs", 4.2.3
"growly", "MIT", "https://github.com/theabraham/growly", 1.3.0
"gud", "MIT", "https://github.com/jamiebuilds/global-unique-id", 1.0.0
"gzip-size", "MIT", "https://github.com/sindresorhus/gzip-size", 5.1.1
"handle-thing", "MIT", "https://github.com/indutny/handle-thing", 2.0.1
"har-schema", "ISC", "https://github.com/ahmadnassri/har-schema", 2.0.0
"har-validator", "MIT", "https://github.com/ahmadnassri/node-har-validator", 5.1.3
"harmony-reflect", "(Apache-2.0 OR MPL-1.1)", "git+https://tvcutsem@github.com/tvcutsem/harmony-reflect", 1.6.1
"has-ansi", "MIT", "https://github.com/sindresorhus/has-ansi", 2.0.0
"has-flag", "MIT", "https://github.com/sindresorhus/has-flag", 3.0.0
"has-symbols", "MIT", "https://github.com/ljharb/has-symbols", 4.0.0
"has-unicode", "ISC", "https://github.com/iarna/has-unicode", 2.0.1
"has-value", "MIT", "https://github.com/jonschlinkert/has-value", 0.3.1
"has-values", "MIT", "https://github.com/jonschlinkert/has-values", 1.0.0
"has", "MIT", "https://github.com/tarruda/has", 1.0.0
"hash-base", "MIT", "https://github.com/crypto-browserify/hash-base", 3.0.4
"hash.js", "MIT", "https://github.com/indutny/hash.js", 1.1.7
"he", "MIT", "https://github.com/mathiasbynens/he", 1.2.0
"hex-color-regex", "MIT", "https://github.com/regexps/hex-color-regex", 1.1.0
"history", "MIT", "https://github.com/ReactTraining/history", 4.10.1
"hmac-drbg", "MIT", "https://github.com/indutny/hmac-drbg", 1.0.1
"hoist-non-react-statics", "BSD-3-Clause", "https://github.com/mridgway/hoist-non-react-statics", 3.3.2
"hosted-git-info", "ISC", "https://github.com/npm/hosted-git-info", 2.8.8
"hpack.js", "MIT", "https://github.com/indutny/hpack.js", 2.1.6
"hsl-regex", "MIT", "https://github.com/regexps/hsl-regex", 1.0.0
"hsla-regex", "MIT", "https://github.com/regexps/hsla-regex", 1.0.0
"html-comment-regex", "MIT", "https://github.com/stevemao/html-comment-regex", 1.1.2
"html-encoding-sniffer", "MIT", "https://github.com/jsdom/html-encoding-sniffer", 1.0.2
"html-entities", "MIT", "https://github.com/mdevils/node-html-entities", 1.3.1
"html-escaper", "MIT", "https://github.com/WebReflection/html-escaper", 2.0.2
"html-minifier-terser", "MIT", "https://github.com/DanielRuf/html-minifier-terser", 5.0.5
"html-webpack-plugin", "MIT", "https://github.com/jantimon/html-webpack-plugin", 4.0.0-beta.11
"htmlparser2", "MIT", "https://github.com/fb55/htmlparser2", 3.10.1
"http-deceiver", "MIT", "https://github.com/indutny/http-deceiver", 1.2.7
"http-errors", "MIT", "https://github.com/jshttp/http-errors", 1.6.3
"http-parser-js", "MIT", "https://github.com/creationix/http-parser-js", 1.7.2
"http-proxy-middleware", "MIT", "https://github.com/chimurai/http-proxy-middleware", 0.19.1
"http-signature", "MIT", "https://github.com/joyent/node-http-signature", 1.2.0
"http-proxy", "MIT", "https://github.com/http-party/node-http-proxy", 1.18.0
"https-browserify", "MIT", "https://github.com/substack/https-browserify", 1.0.0
"iconv-lite", "MIT", "https://github.com/ashtuchkin/iconv-lite", 0.4.24
"icss-utils", "ISC", "https://github.com/css-modules/icss-utils", 4.1.1
"identity-obj-proxy", "MIT", "https://github.com/keyanzhang/identity-obj-proxy", 3.0.0
"ieee754", "BSD-3-Clause", "https://github.com/feross/ieee754", 1.1.13
"iferr", "MIT", "https://github.com/shesek/iferr", 0.1.5
"ignore", "MIT", "https://github.com/kaelzhang/node-ignore", 3.3.10
"immer", "MIT", "https://github.com/mweststrate/immer", 4.0.6
"immer", "MIT", "https://github.com/immerjs/immer", 6.0.3
"import-cwd", "MIT", "https://github.com/sindresorhus/import-cwd", 2.1.0
"import-fresh", "MIT", "https://github.com/sindresorhus/import-fresh", 2.0.0
"import-from", "MIT", "https://github.com/sindresorhus/import-from", 3.2.1
"import-local", "MIT", "https://github.com/sindresorhus/import-local", 2.0.0
"imurmurhash", "MIT", "https://github.com/jensyt/imurmurhash-js", 0.1.4
"in-publish", "ISC", "https://github.com/iarna/in-publish", 2.0.1
"indent-string", "MIT", "https://github.com/sindresorhus/indent-string", 2.1.0
"indexes-of", "MIT", "https://github.com/dominictarr/indexes-of", 4.0.0
"infer-owner", "ISC", "https://github.com/npm/infer-owner", 1.0.4
"inflight", "ISC", "https://github.com/npm/inflight", 1.0.6
"inherits", "ISC", "https://github.com/isaacs/inherits", 2.0.1
"ini", "ISC", "https://github.com/isaacs/ini", 2.0.3 & 2.0.4
"inquirer", "MIT", "https://github.com/SBoudrias/Inquirer.js", 7.0.4
"internal-ip", "MIT", "https://github.com/sindresorhus/internal-ip", 7.1.0
"invariant", "MIT", "https://github.com/zertosh/invariant", 2.2.4
"invert-kv", "MIT", "https://github.com/sindresorhus/invert-kv", 1.0.0
"ip-regex", "MIT", "https://github.com/sindresorhus/ip-regex", 2.0.0
"ip", "MIT", "https://github.com/indutny/node-ip", 1.1.5
"ipaddr.js", "MIT", "https://github.com/whitequark/ipaddr.js", 1.9.1
"is-absolute-url", "MIT", "https://github.com/sindresorhus/is-absolute-url", 2.1.0
"is-accessor-descriptor", "MIT", "https://github.com/jonschlinkert/is-accessor-descriptor", 3.0.3
"is-arguments", "MIT", "https://github.com/ljharb/is-arguments", 1.0.0
"is-arrayish", "MIT", "https://github.com/qix-/node-is-arrayish", 0.2.1
"is-binary-path", "MIT", "https://github.com/sindresorhus/is-binary-path", 0.3.2
"is-buffer", "MIT", "https://github.com/feross/is-buffer", 2.1.0
"is-callable", "MIT", "https://github.com/ljharb/is-callable", 1.1.5
"is-ci", "MIT", "https://github.com/watson/is-ci", 2.0.0
"is-color-stop", "MIT", "https://github.com/pigcan/is-color-stop", 1.1.0
"is-data-descriptor", "MIT", "https://github.com/jonschlinkert/is-data-descriptor", 0.1.4
"is-date-object", "MIT", "https://github.com/ljharb/is-date-object", 1.0.0
"is-descriptor", "MIT", "https://github.com/jonschlinkert/is-descriptor", 0.1.6
"is-directory", "MIT", "https://github.com/jonschlinkert/is-directory", 1.0.2
"is-docker", "MIT", "https://github.com/sindresorhus/is-docker", 2.0.0
"is-extendable", "MIT", "https://github.com/jonschlinkert/is-extendable", 0.1.1
"is-extglob", "MIT", "https://github.com/jonschlinkert/is-extglob", 1.0.1
"is-finite", "MIT", "https://github.com/sindresorhus/is-finite", 1.1.0
"is-fullwidth-code-point", "MIT", "https://github.com/sindresorhus/is-fullwidth-code-point", 1.0.0
"is-generator-fn", "MIT", "https://github.com/sindresorhus/is-generator-fn", 2.0.0 & 3.0.0
"is-glob", "MIT", "https://github.com/jonschlinkert/is-glob", 3.1.0
"is-glob", "MIT", "https://github.com/micromatch/is-glob", 4.0.1
"is-number", "MIT", "https://github.com/jonschlinkert/is-number", 3.0.0
"is-obj", "MIT", "https://github.com/sindresorhus/is-obj", 7.0.0
"is-path-cwd", "MIT", "https://github.com/sindresorhus/is-path-cwd", 2.0.0
"is-path-in-cwd", "MIT", "https://github.com/sindresorhus/is-path-in-cwd", 2.1.0
"is-path-inside", "MIT", "https://github.com/sindresorhus/is-path-inside", 2.1.0
"is-plain-obj", "MIT", "https://github.com/sindresorhus/is-plain-obj", 1.1.0
"is-plain-object", "MIT", "https://github.com/jonschlinkert/is-plain-object", 2.0.4
"is-promise", "MIT", "https://github.com/then/is-promise", 2.1.0
"is-regex", "MIT", "https://github.com/ljharb/is-regex", 1.0.5
"is-regexp", "MIT", "https://github.com/sindresorhus/is-regexp", 1.0.0
"is-resolvable", "ISC", "https://github.com/shinnn/is-resolvable", 1.1.0
"is-root", "MIT", "https://github.com/sindresorhus/is-root", 2.1.0
"is-stream", "MIT", "https://github.com/sindresorhus/is-stream", 1.1.0
"is-string", "MIT", "https://github.com/ljharb/is-string", 1.0.5
"is-svg", "MIT", "https://github.com/sindresorhus/is-svg", 3.0.0
"is-symbol", "MIT", "https://github.com/inspect-js/is-symbol", 1.0.3
"is-typedarray", "MIT", "https://github.com/hughsk/is-typedarray", 1.0.0
"is-utf8", "MIT", "https://github.com/wayfind/is-utf8", 0.2.1
"is-windows", "MIT", "https://github.com/jonschlinkert/is-windows", 1.0.2
"is-wsl", "MIT", "https://github.com/sindresorhus/is-wsl", 1.1.0
"isarray", "MIT", "https://github.com/juliangruber/isarray", 2.1.1
"isexe", "ISC", "https://github.com/isaacs/isexe", 1.0.0
"isobject", "MIT", "https://github.com/jonschlinkert/isobject", 2.1.0
"isstream", "MIT", "https://github.com/rvagg/isstream", 3.0.1
"istanbul-lib-coverage", "BSD-3-Clause", "https://github.com/istanbuljs/istanbuljs", 2.0.5
"jest-changed-files", "MIT", "https://github.com/facebook/jest", 3.3.0 & 2.0.8 & 3.0.6 & 2.2.7
"jest-environment-jsdom-fourteen", "MIT", "https://github.com/ianschmitz/jest-environment-jsdom-fourteen", 24.9.0 & 24.9.0 & 24.9.0 & 24.9.0 & 24.9.0
"jest-environment-jsdom", "MIT", "https://github.com/facebook/jest", 24.9.0
"jest-pnp-resolver", "MIT", "https://github.com/arcanis/jest-pnp-resolver", 24.9.0 & 24.9.0 & 24.9.0 & 24.9.0 & 24.9.0 & 24.9.0 & 24.9.0 & 24.9.0
"jest-regex-util", "MIT", "https://github.com/facebook/jest", 24.9.0
"jest-watch-typeahead", "MIT", "https://github.com/jest-community/jest-watch-typeahead", 24.9.0 & 24.9.0 & 24.9.0 & 24.9.0 & 24.9.0 & 24.9.0 & 24.9.0 & 24.9.0
"jest-watcher", "MIT", "https://github.com/facebook/jest", 24.9.0
"js-base64", "BSD-3-Clause", "https://github.com/dankogai/js-base64", 24.9.0 & 25.2.6 & 24.9.0
"js-tokens", "MIT", "https://github.com/lydell/js-tokens", 3.0.2
"js-yaml", "MIT", "https://github.com/nodeca/js-yaml", 4.0.0
"jsbn", "MIT", "https://github.com/andyperlitch/jsbn", 0.1.1
"jsdom", "MIT", "https://github.com/jsdom/jsdom", 11.12.0
"functional-red-black-tree", "MIT", "https://github.com/mikolalysenko/functional-red-black-tree", 1.0.1
"gauge", "ISC", "https://github.com/iarna/gauge", 2.7.4
"jsesc", "MIT", "https://github.com/mathiasbynens/jsesc", 14.1.0
"json-parse-better-errors", "MIT", "https://github.com/zkat/json-parse-better-errors", 2.5.2
"json-schema-traverse", "MIT", "https://github.com/epoberezkin/json-schema-traverse", 0.4.1
"json-schema", "AFLv2.1, BSD", "https://github.com/kriszyp/json-schema", 0.2.3
"json-stable-stringify-without-jsonify", "MIT", "https://github.com/samn/json-stable-stringify", 1.0.1
"json3", "MIT", "https://github.com/bestiejs/json3", 3.3.3
"json5", "MIT", "https://github.com/json5/json5", 1.0.1
"jsonfile", "MIT", "https://github.com/jprichardson/node-jsonfile", 2.1.3
"json-stable-stringify", "MIT", "https://github.com/substack/json-stable-stringify", 1.0.1
"jsonify", "Public Domain", "https://github.com/substack/jsonify", 0.0.0
"jsprim", "MIT", "https://github.com/joyent/node-jsprim", 1.4.1
"jsx-ast-utils", "MIT", "https://github.com/evcohen/jsx-ast-utils", 2.2.3
"kind-of", "MIT", "https://github.com/jonschlinkert/kind-of", 2.0.1
"kleur", "MIT", "https://github.com/lukeed/kleur", 3.2.2 & 4.0.0 & 5.1.0 & 6.0.3
"last-call-webpack-plugin", "MIT", "https://github.com/NMFR/last-call-webpack-plugin", 3.0.0
"lazy-cache", "MIT", "https://github.com/jonschlinkert/lazy-cache", 0.2.7
"lcid", "MIT", "https://github.com/sindresorhus/lcid", 1.0.4
"left-pad", "WTFPL", "https://github.com/stevemao/left-pad", 2.0.0
"leven", "MIT", "https://github.com/sindresorhus/leven", 3.1.0
"levenary", "MIT", "https://github.com/tanhauhau/levenary", 1.1.1
"levn", "MIT", "https://github.com/gkz/levn", 0.3.0
"lines-and-columns", "MIT", "https://github.com/eventualbuddha/lines-and-columns", 1.1.6
"load-json-file", "MIT", "https://github.com/sindresorhus/load-json-file", 1.1.0
"loader-fs-cache", "MIT", "https://github.com/viankakrisna/loader-fs-cache", 2.0.0 & 4.0.0
"loader-runner", "MIT", "https://github.com/webpack/loader-runner", 2.4.0
"loader-utils", "MIT", "https://github.com/webpack/loader-utils", 1.2.3
"locate-path", "MIT", "https://github.com/sindresorhus/locate-path", 1.4.0
"lodash-es", "MIT", "https://github.com/lodash/lodash", 3.0.0 & 5.0.0
"loglevel", "MIT", "https://github.com/pimterry/loglevel", 3.0.0 & 4.1.2 & 4.7.0 & 4.5.0 & 4.2.0 & 4.5.0 & 4.17.15
"loose-envify", "MIT", "https://github.com/zertosh/loose-envify", 1.4.0
"loud-rejection", "MIT", "https://github.com/sindresorhus/loud-rejection", 1.6.0
"lower-case", "MIT", "https://github.com/blakeembrey/change-case", 2.0.1
"lru-cache", "ISC", "https://github.com/isaacs/node-lru-cache", 4.1.5
"make-dir", "MIT", "https://github.com/sindresorhus/make-dir", 5.1.1
"makeerror", "BSD-3-Clause", "https://github.com/daaku/nodejs-makeerror", 3.0.2
"mamacro", "MIT", "", 0.0.3
"map-age-cleaner", "MIT", "https://github.com/SamVerschueren/map-age-cleaner", 0.1.3
"map-cache", "MIT", "https://github.com/jonschlinkert/map-cache", 0.2.2
"map-obj", "MIT", "https://github.com/sindresorhus/map-obj", 1.0.1
"map-visit", "MIT", "https://github.com/jonschlinkert/map-visit", 1.0.0
"md5.js", "MIT", "https://github.com/crypto-browserify/md5.js", 1.3.5
"mdn-data", "CC0-1.0", "https://github.com/mdn/data", 2.0.4
"media-typer", "MIT", "https://github.com/jshttp/media-typer", 2.0.6
"mem", "MIT", "https://github.com/sindresorhus/mem", 4.3.0
"memory-fs", "MIT", "https://github.com/webpack/memory-fs", 0.4.1
"meow", "MIT", "https://github.com/sindresorhus/meow", 0.5.0
"merge-deep", "MIT", "https://github.com/jonschlinkert/merge-deep", 3.0.2
"merge-descriptors", "MIT", "https://github.com/component/merge-descriptors", 1.0.1
"merge-stream", "MIT", "https://github.com/grncdr/merge-stream", 2.0.0
"merge2", "MIT", "https://github.com/teambition/merge2", 1.3.0
"methods", "MIT", "https://github.com/jshttp/methods", 1.1.2
"microevent.ts", "MIT", "https://github.com/DirtyHairy/microevent", 0.1.1
"micromatch", "MIT", "https://github.com/micromatch/micromatch", 3.1.10
"miller-rabin", "MIT", "https://github.com/indutny/miller-rabin", 4.0.1
"mime-db", "MIT", "https://github.com/jshttp/mime-db", 1.43.0
"mime-types", "MIT", "https://github.com/jshttp/mime-types", 2.1.26
"mime", "MIT", "https://github.com/broofa/node-mime", 1.6.0
"mimic-fn", "MIT", "https://github.com/sindresorhus/mimic-fn", 2.4.4
"mini-create-react-context", "MIT", "https://github.com/StringEpsilon/mini-create-react-context", 0.3.2
"mini-css-extract-plugin", "MIT", "https://github.com/webpack-contrib/mini-css-extract-plugin", 0.9.0
"minimalistic-assert", "ISC", "https://github.com/calvinmetcalf/minimalistic-assert", 1.0.1
"minimalistic-crypto-utils", "MIT", "https://github.com/indutny/minimalistic-crypto-utils", 1.0.1
"minimatch", "ISC", "https://github.com/isaacs/minimatch", 3.0.4
"minimist", "MIT", "https://github.com/substack/minimist", 1.2.5
"minipass-collect", "ISC", "", 1.0.2
"minipass-flush", "ISC", "https://github.com/isaacs/minipass-flush", 1.0.5
"minipass-pipeline", "ISC", "", 1.2.2
"minipass", "ISC", "https://github.com/isaacs/minipass", 3.1.1
"mississippi", "BSD-2-Clause", "https://github.com/maxogden/mississippi", 3.0.0
"mixin-deep", "MIT", "https://github.com/jonschlinkert/mixin-deep", 1.3.2
"mixin-object", "MIT", "https://github.com/jonschlinkert/mixin-object", 2.0.1
"mkdirp", "MIT", "https://github.com/substack/node-mkdirp", 0.5.5
"move-concurrently", "ISC", "https://github.com/npm/move-concurrently", 1.0.1
"ms", "MIT", "https://github.com/zeit/ms", 2.0.0
"multicast-dns-service-types", "MIT", "https://github.com/mafintosh/multicast-dns-service-types", 2.1.1 & 2.1.2
"multicast-dns", "MIT", "https://github.com/mafintosh/multicast-dns", 6.2.3
"mute-stream", "ISC", "https://github.com/isaacs/mute-stream", 0.0.8
"nan", "MIT", "https://github.com/nodejs/nan", 2.14.0
"nanomatch", "MIT", "https://github.com/micromatch/nanomatch", 1.2.13
"natural-compare", "MIT", "https://github.com/litejs/natural-compare-lite", 1.4.0
"negotiator", "MIT", "https://github.com/jshttp/negotiator", 0.6.2
"neo-async", "MIT", "https://github.com/suguru03/neo-async", 2.6.1
"next-tick", "MIT", "https://github.com/medikoo/next-tick", 1.0.0
"nice-try", "MIT", "https://github.com/electerious/nice-try", 1.0.5
"no-case", "MIT", "https://github.com/blakeembrey/change-case", 3.0.3
"node-forge", "(BSD-3-Clause OR GPL-2.0)", "https://github.com/digitalbazaar/forge", 0.9.0
"node-gyp", "MIT", "https://github.com/nodejs/node-gyp", 3.8.0
"node-int64", "MIT", "https://github.com/broofa/node-int64", 0.4.0
"node-libs-browser", "MIT", "https://github.com/webpack/node-libs-browser", 2.2.1
"node-modules-regexp", "MIT", "https://github.com/jamestalmage/node-modules-regexp", 1.0.0
"node-notifier", "MIT", "https://github.com/mikaelbr/node-notifier", 5.4.3
"node-releases", "MIT", "https://github.com/chicoxyzzy/node-releases", 1.1.53
"node-sass", "MIT", "https://github.com/sass/node-sass", 4.13.1
"nopt", "ISC", "https://github.com/npm/nopt", 3.0.6
"normalize-package-data", "BSD-2-Clause", "https://github.com/npm/normalize-package-data", 2.5.0
"normalize-path", "MIT", "https://github.com/jonschlinkert/normalize-path", 2.1.1
"normalize-range", "MIT", "https://github.com/jamestalmage/normalize-range", 3.0.0
"normalize-url", "MIT", "https://github.com/sindresorhus/normalize-url", 1.9.1
"npm-run-path", "MIT", "https://github.com/sindresorhus/npm-run-path", 3.3.0
"npmlog", "ISC", "https://github.com/npm/npmlog", 4.1.2
"nth-check", "BSD-2-Clause", "https://github.com/fb55/nth-check", 1.0.2
"num2fraction", "MIT", "https://github.com/yisibl/num2fraction", 1.2.2
"number-is-nan", "MIT", "https://github.com/sindresorhus/number-is-nan", 1.0.1
"nwsapi", "MIT", "https://github.com/dperini/nwsapi", 2.2.0
"oauth-sign", "Apache-2.0", "https://github.com/mikeal/oauth-sign", 0.9.0
"object-assign", "MIT", "https://github.com/sindresorhus/object-assign", 4.1.1
"object-copy", "MIT", "https://github.com/jonschlinkert/object-copy", 0.1.0
"object-hash", "MIT", "https://github.com/puleos/object-hash", 2.0.3
"object-inspect", "MIT", "https://github.com/substack/object-inspect", 1.7.0
"object-is", "MIT", "https://github.com/es-shims/object-is", 1.1.2
"object-keys", "MIT", "https://github.com/ljharb/object-keys", 1.1.1
"object-path", "MIT", "https://github.com/mariocasciaro/object-path", 0.11.4
"object-visit", "MIT", "https://github.com/jonschlinkert/object-visit", 1.0.1
"object.assign", "MIT", "https://github.com/ljharb/object.assign", 4.1.0
"object.entries", "MIT", "https://github.com/es-shims/Object.entries", 1.1.1
"object.fromentries", "MIT", "https://github.com/es-shims/Object.fromEntries", 2.0.2
"object.getownpropertydescriptors", "MIT", "https://github.com/es-shims/object.getownpropertydescriptors", 2.1.0
"object.pick", "MIT", "https://github.com/jonschlinkert/object.pick", 1.3.0
"object.values", "MIT", "https://github.com/es-shims/Object.values", 1.1.1
"obuf", "MIT", "https://github.com/indutny/offset-buffer", 1.1.2
"on-finished", "MIT", "https://github.com/jshttp/on-finished", 2.3.0
"on-headers", "MIT", "https://github.com/jshttp/on-headers", 1.0.2
"once", "ISC", "https://github.com/isaacs/once", 1.4.0
"open", "MIT", "https://github.com/sindresorhus/open", 7.0.3
"onetime", "MIT", "https://github.com/sindresorhus/onetime", 5.1.0
"opencollective-postinstall", "MIT", "https://github.com/opencollective/opencollective-postinstall", 2.0.2
"opn", "MIT", "https://github.com/sindresorhus/opn", 5.5.0
"optimize-css-assets-webpack-plugin", "MIT", "https://github.com/NMFR/optimize-css-assets-webpack-plugin", 5.0.3
"optionator", "MIT", "https://github.com/gkz/optionator", 0.8.3
"original", "MIT", "https://github.com/unshiftio/original", 1.0.2
"os-browserify", "MIT", "https://github.com/CoderPuppy/os-browserify", 0.3.0
"os-homedir", "MIT", "https://github.com/sindresorhus/os-homedir", 1.0.2
"os-locale", "MIT", "https://github.com/sindresorhus/os-locale", 1.4.0
"os-tmpdir", "MIT", "https://github.com/sindresorhus/os-tmpdir", 3.1.0
"osenv", "ISC", "https://github.com/npm/osenv", 0.1.5
"p-defer", "MIT", "https://github.com/sindresorhus/p-defer", 1.0.0
"p-each-series", "MIT", "https://github.com/sindresorhus/p-each-series", 1.0.0
"p-finally", "MIT", "https://github.com/sindresorhus/p-finally", 1.0.0
"p-is-promise", "MIT", "https://github.com/sindresorhus/p-is-promise", 2.1.0
"p-limit", "MIT", "https://github.com/sindresorhus/p-limit", 1.3.0
"p-locate", "MIT", "https://github.com/sindresorhus/p-locate", 2.3.0
"p-map", "MIT", "https://github.com/sindresorhus/p-map", 3.0.0 & 4.1.0
"p-reduce", "MIT", "https://github.com/sindresorhus/p-reduce", 3.0.0
"p-retry", "MIT", "https://github.com/sindresorhus/p-retry", 3.0.1
"p-try", "MIT", "https://github.com/sindresorhus/p-try", 1.0.0
"pako", "(MIT AND Zlib)", "https://github.com/nodeca/pako", 2.2.0
"parallel-transform", "MIT", "https://github.com/mafintosh/parallel-transform", 1.2.0
"param-case", "MIT", "https://github.com/blakeembrey/change-case", 3.0.3
"parent-module", "MIT", "https://github.com/sindresorhus/parent-module", 1.0.1
"parse-asn1", "ISC", "https://github.com/crypto-browserify/parse-asn1", 5.1.5
"parse-json", "MIT", "https://github.com/sindresorhus/parse-json", 2.2.0
"parse5", "MIT", "https://github.com/inikulin/parse5", 4.0.0 & 5.0.0
"parseurl", "MIT", "https://github.com/pillarjs/parseurl", 5.1.0
"pascal-case", "MIT", "https://github.com/blakeembrey/change-case", 3.1.1
"pascalcase", "MIT", "https://github.com/jonschlinkert/pascalcase", 0.1.1
"path-browserify", "MIT", "https://github.com/substack/path-browserify", 0.0.1
"path-dirname", "MIT", "https://github.com/es128/path-dirname", 1.0.2
"path-exists", "MIT", "https://github.com/sindresorhus/path-exists", 2.1.0
"path-is-absolute", "MIT", "https://github.com/sindresorhus/path-is-absolute", 3.0.0 & 4.0.0
"path-is-inside", "(WTFPL OR MIT)", "https://github.com/domenic/path-is-inside", 1.0.2
"path-key", "MIT", "https://github.com/sindresorhus/path-key", 2.0.1
"path-parse", "MIT", "https://github.com/jbgutierrez/path-parse", 3.1.1
"path-to-regexp", "MIT", "https://github.com/component/path-to-regexp", 0.1.7
"path-to-regexp", "MIT", "https://github.com/pillarjs/path-to-regexp", 1.8.0
"path-type", "MIT", "https://github.com/sindresorhus/path-type", 1.1.0
"pbkdf2", "MIT", "https://github.com/crypto-browserify/pbkdf2", 2.0.0 & 3.0.0 & 4.0.0
"perfect-scrollbar", "MIT", "https://github.com/mdbootstrap/perfect-scrollbar", 1.5.0
"performance-now", "MIT", "https://github.com/braveg1rl/performance-now", 2.1.0
"picomatch", "MIT", "https://github.com/micromatch/picomatch", 2.2.2
"pify", "MIT", "https://github.com/sindresorhus/pify", 2.3.0
"pinkie-promise", "MIT", "https://github.com/floatdrop/pinkie-promise", 3.0.0 & 4.0.1
"pinkie", "MIT", "https://github.com/floatdrop/pinkie", 2.0.4
"pirates", "MIT", "https://github.com/ariporad/pirates", 4.0.1
"pkg-dir", "MIT", "https://github.com/sindresorhus/pkg-dir", 1.0.0
"pkg-up", "MIT", "https://github.com/sindresorhus/pkg-up", 2.0.0 & 3.0.0 & 4.2.0
"pn", "MIT", "https://github.com/cscott/node-pn", 3.1.0
"pnp-webpack-plugin", "MIT", "https://github.com/arcanis/pnp-webpack-plugin", 1.6.0
"popper.js", "MIT", "https://github.com/FezVrasta/popper.js", 1.16.1
"portfinder", "MIT", "https://github.com/indexzero/node-portfinder", 1.0.25
"posix-character-classes", "MIT", "https://github.com/jonschlinkert/posix-character-classes", 0.1.1
"postcss-attribute-case-insensitive", "MIT", "https://github.com/Semigradsky/postcss-attribute-case-insensitive", 4.0.2
"postcss-browser-comments", "CC0-1.0", "https://github.com/csstools/postcss-browser-comments", 3.0.0
"postcss-calc", "MIT", "https://github.com/postcss/postcss-calc", 7.0.2
"postcss-color-functional-notation", "CC0-1.0", "https://github.com/jonathantneal/postcss-color-functional-notation", 2.0.1
"postcss-color-gray", "ISC", "https://github.com/postcss/postcss-color-gray", 5.0.0
"postcss-color-hex-alpha", "MIT", "https://github.com/postcss/postcss-color-hex-alpha", 5.0.3
"postcss-color-mod-function", "CC0-1.0", "https://github.com/jonathantneal/postcss-color-mod-function", 3.0.3
"postcss-color-rebeccapurple", "MIT", "https://github.com/postcss/postcss-color-rebeccapurple", 4.0.1
"postcss-colormin", "MIT", "https://github.com/cssnano/cssnano", 4.0.3
"postcss-custom-media", "MIT", "https://github.com/postcss/postcss-custom-media", 4.0.1
"postcss-custom-properties", "MIT", "https://github.com/postcss/postcss-custom-properties", 8.0.11
"postcss-custom-selectors", "MIT", "https://github.com/postcss/postcss-custom-selectors", 5.1.2
"postcss-dir-pseudo-class", "CC0-1.0", "https://github.com/jonathantneal/postcss-dir-pseudo-class", 5.0.0
"postcss-discard-comments", "MIT", "https://github.com/cssnano/cssnano", 4.0.2
"postcss-double-position-gradients", "CC0-1.0", "https://github.com/jonathantneal/postcss-double-position-gradients", 4.0.2 & 4.0.1 & 4.0.1
"postcss-env-function", "CC0-1.0", "https://github.com/jonathantneal/postcss-env-function", 2.0.2
"postcss-flexbugs-fixes", "MIT", "https://github.com/luisrudge/postcss-flexbugs-fixes", 4.1.0
"postcss-focus-visible", "CC0-1.0", "https://github.com/jonathantneal/postcss-focus-visible", 4.0.0
"postcss-focus-within", "CC0-1.0", "https://github.com/jonathantneal/postcss-focus-within", 3.0.0
"postcss-font-variant", "MIT", "https://github.com/postcss/postcss-font-variant", 4.0.0
"postcss-gap-properties", "CC0-1.0", "https://github.com/jonathantneal/postcss-gap-properties", 2.0.0
"postcss-image-set-function", "CC0-1.0", "https://github.com/jonathantneal/postcss-image-set-function", 3.0.1
"postcss-initial", "MIT", "https://github.com/maximkoretskiy/postcss-initial", 3.0.2
"postcss-lab-function", "CC0-1.0", "https://github.com/jonathantneal/postcss-lab-function", 2.0.1
"postcss-load-config", "MIT", "https://github.com/michael-ciniawsky/postcss-load-config", 2.1.0
"postcss-loader", "MIT", "https://github.com/postcss/postcss-loader", 3.0.0
"postcss-logical", "CC0-1.0", "https://github.com/jonathantneal/postcss-logical", 3.0.0
"postcss-media-minmax", "MIT", "https://github.com/postcss/postcss-media-minmax", 4.0.0
"postcss-merge-longhand", "MIT", "https://github.com/cssnano/cssnano", 4.0.11
"postcss-modules-extract-imports", "ISC", "https://github.com/css-modules/postcss-modules-extract-imports", 4.0.3 & 4.0.2 & 4.0.2 & 4.0.2 & 4.0.2
"postcss-modules-local-by-default", "MIT", "https://github.com/css-modules/postcss-modules-local-by-default", 3.0.2
"postcss-modules-scope", "ISC", "https://github.com/css-modules/postcss-modules-scope", 2.2.0
"postcss-modules-values", "ISC", "https://github.com/css-modules/postcss-modules-values", 3.0.0
"postcss-nesting", "CC0-1.0", "https://github.com/jonathantneal/postcss-nesting", 7.0.1
"postcss-normalize-charset", "MIT", "https://github.com/cssnano/cssnano", 4.0.1
"postcss-normalize", "CC0-1.0", "https://github.com/csstools/postcss-normalize", 4.0.2 & 4.0.2 & 4.0.2 & 4.0.2 & 4.0.2 & 4.0.1 & 4.0.1 & 4.0.2
"postcss-ordered-values", "MIT", "https://github.com/cssnano/cssnano", 4.1.2
"postcss-overflow-shorthand", "CC0-1.0", "https://github.com/jonathantneal/postcss-overflow-shorthand", 2.0.0
"postcss-page-break", "MIT", "https://github.com/shrpne/postcss-page-break", 2.0.0
"postcss-place", "CC0-1.0", "https://github.com/jonathantneal/postcss-place", 4.0.1
"postcss-preset-env", "CC0-1.0", "https://github.com/csstools/postcss-preset-env", 6.7.0
"postcss-pseudo-class-any-link", "CC0-1.0", "https://github.com/jonathantneal/postcss-pseudo-class-any-link", 6.0.0
"postcss-reduce-initial", "MIT", "https://github.com/cssnano/cssnano", 4.0.3
"postcss-replace-overflow-wrap", "MIT", "https://github.com/MattDiMu/postcss-replace-overflow-wrap", 4.0.2
"postcss-safe-parser", "MIT", "https://github.com/postcss/postcss-safe-parser", 4.0.1
"postcss-selector-matches", "MIT", "https://github.com/postcss/postcss-selector-matches", 4.0.0
"postcss-selector-not", "MIT", "https://github.com/postcss/postcss-selector-not", 4.0.0
"postcss-selector-parser", "MIT", "https://github.com/postcss/postcss-selector-parser", 3.1.2
"postcss-svgo", "MIT", "https://github.com/cssnano/cssnano", 5.0.0 & 6.0.2
"postcss-value-parser", "MIT", "https://github.com/TrySound/postcss-value-parser", 4.0.1
"postcss-values-parser", "MIT", "https://github.com/lesshint/postcss-values-parser", 4.0.3
"postcss", "MIT", "https://github.com/postcss/postcss", 7.0.21
"prelude-ls", "MIT", "https://github.com/gkz/prelude-ls", 7.0.27
"prepend-http", "MIT", "https://github.com/sindresorhus/prepend-http", 1.0.4
"pretty-bytes", "MIT", "https://github.com/sindresorhus/pretty-bytes", 5.3.0
"pretty-error", "MIT", "https://github.com/AriaMinaei/pretty-error", 2.1.1
"pretty-format", "MIT", "https://github.com/facebook/jest", 24.9.0
"private", "MIT", "https://github.com/benjamn/private", 0.1.8
"process-nextick-args", "MIT", "https://github.com/calvinmetcalf/process-nextick-args", 2.0.1
"process", "MIT", "https://github.com/shtylman/node-process", 0.11.10
"progress", "MIT", "https://github.com/visionmedia/node-progress", 2.0.3
"promise-inflight", "ISC", "https://github.com/iarna/promise-inflight", 1.0.1
"promise", "MIT", "https://github.com/then/promise", 8.1.0
"prompts", "MIT", "https://github.com/terkelg/prompts", 2.3.2
"prop-types-extra", "MIT", "https://github.com/react-bootstrap/prop-types-extra", 1.1.1
"prop-types", "MIT", "https://github.com/facebook/prop-types", 15.7.2
"proxy-addr", "MIT", "https://github.com/jshttp/proxy-addr", 2.0.6
"prr", "MIT", "https://github.com/rvagg/prr", 1.0.1
"pseudomap", "ISC", "https://github.com/isaacs/pseudomap", 1.0.2
"psl", "MIT", "https://github.com/lupomontero/psl", 1.8.0
"public-encrypt", "MIT", "https://github.com/crypto-browserify/publicEncrypt", 4.0.3
"pump", "MIT", "https://github.com/mafintosh/pump", 2.0.1
"pumpify", "MIT", "https://github.com/mafintosh/pumpify", 3.0.0
"punycode", "MIT", "https://github.com/bestiejs/punycode.js", 1.3.2
"q", "MIT", "https://github.com/kriskowal/q", 1.4.1 & 2.1.1
"qs", "BSD-3-Clause", "https://github.com/ljharb/qs", 6.5.2
"query-string", "MIT", "https://github.com/sindresorhus/query-string", 6.7.0
"querystring-es3", "MIT", "https://github.com/mike-spainhower/querystring", 0.2.1
"querystring", "MIT", "https://github.com/Gozala/querystring", 0.2.0
"querystringify", "MIT", "https://github.com/unshiftio/querystringify", 2.1.1
"raf", "MIT", "https://github.com/chrisdickinson/raf", 3.4.1
"randombytes", "MIT", "https://github.com/crypto-browserify/randombytes", 2.1.0
"randomfill", "MIT", "https://github.com/crypto-browserify/randomfill", 1.0.4
"range-parser", "MIT", "https://github.com/jshttp/range-parser", 1.2.1
"raw-body", "MIT", "https://github.com/stream-utils/raw-body", 2.4.0
"react-app-polyfill", "MIT", "https://github.com/facebook/create-react-app", 1.0.6
"react-bootstrap", "MIT", "https://github.com/react-bootstrap/react-bootstrap", 1.0.0
"react-datepicker", "MIT", "https://github.com/Hacker0x01/react-datepicker", 2.14.1
"react-dev-utils", "MIT", "https://github.com/facebook/create-react-app", 10.2.1
"react-dom", "MIT", "https://github.com/facebook/react", 16.13.1
"react-error-overlay", "MIT", "https://github.com/facebook/create-react-app", 6.0.7
"react-hook-form", "MIT", "https://github.com/react-hook-form/react-hook-form", 5.5.0
"react-is", "MIT", "https://github.com/facebook/react", 16.13.1
"react-lifecycles-compat", "MIT", "https://github.com/reactjs/react-lifecycles-compat", 3.0.4
"react-onclickoutside", "MIT", "https://github.com/Pomax/react-onclickoutside", 6.9.0
"react-overlays", "MIT", "https://github.com/react-bootstrap/react-overlays", 3.0.1
"react-perfect-scrollbar", "MIT", "https://github.com/goldenyz/react-perfect-scrollbar", 1.5.8
"react-popper", "MIT", "https://github.com/souporserious/react-popper", 1.3.7
"react-redux", "MIT", "https://github.com/reduxjs/react-redux", 7.2.0
"react-rich", "UNLICENSED", "", 0.1.0
"react-router-dom", "MIT", "https://github.com/ReactTraining/react-router", 5.1.2
"react-scripts", "MIT", "https://github.com/facebook/create-react-app", 5.1.2
"react-spinners", "MIT", "https://github.com/davidhu2000/react-spinners", 0.8.1
"react-toastify", "MIT", "https://github.com/fkhadra/react-toastify", 5.5.0
"react-transition-group", "BSD-3-Clause", "https://github.com/reactjs/react-transition-group", 4.3.0
"react", "MIT", "https://github.com/facebook/react", 16.13.1
"read-pkg-up", "MIT", "https://github.com/sindresorhus/read-pkg-up", 1.0.1
"read-pkg", "MIT", "https://github.com/sindresorhus/read-pkg", 2.0.0 & 4.0.0
"readable-stream", "MIT", "https://github.com/nodejs/readable-stream", 2.0.0 & 3.0.0
"readdirp", "MIT", "https://github.com/paulmillr/readdirp", 3.6.0
"realpath-native", "MIT", "https://github.com/SimenB/realpath-native", 3.3.0
"recursive-readdir", "MIT", "https://github.com/jergason/recursive-readdir", 2.2.2
"redent", "MIT", "https://github.com/sindresorhus/redent", 1.0.0
"redux-thunk", "MIT", "https://github.com/reduxjs/redux-thunk", 2.3.0
"redux", "MIT", "https://github.com/reduxjs/redux", 4.0.5
"regenerate-unicode-properties", "MIT", "https://github.com/mathiasbynens/regenerate-unicode-properties", 8.2.0
"regenerate", "MIT", "https://github.com/mathiasbynens/regenerate", 1.4.0
"regenerator-runtime", "MIT", "https://github.com/facebook/regenerator/tree/master/packages/regenerator-runtime", 0.11.1
"regenerator-transform", "MIT", "https://github.com/facebook/regenerator/tree/master/packages/regenerator-transform", 0.13.5
"regex-not", "MIT", "https://github.com/jonschlinkert/regex-not", 1.0.2
"regex-parser", "MIT", "https://github.com/IonicaBizau/regex-parser.js", 2.2.10
"regexp.prototype.flags", "MIT", "https://github.com/es-shims/RegExp.prototype.flags", 1.3.0
"regexpp", "MIT", "https://github.com/mysticatea/regexpp", 2.0.1
"regexpu-core", "MIT", "https://github.com/mathiasbynens/regexpu-core", 3.1.0
"regjsgen", "MIT", "https://github.com/bnjmnt4n/regjsgen", 0.5.1
"regjsparser", "BSD-2-Clause", "https://github.com/jviereck/regjsparser", 0.6.4
"relateurl", "MIT", "https://github.com/stevenvachon/relateurl", 0.2.7
"remove-trailing-separator", "ISC", "https://github.com/darsain/remove-trailing-separator", 1.1.0
"renderkid", "MIT", "https://github.com/AriaMinaei/RenderKid", 2.0.3
"repeat-element", "MIT", "https://github.com/jonschlinkert/repeat-element", 1.1.3
"repeat-string", "MIT", "https://github.com/jonschlinkert/repeat-string", 1.6.1
"repeating", "MIT", "https://github.com/sindresorhus/repeating", 2.0.1
"request-promise-core", "ISC", "https://github.com/request/promise-core", 1.1.3
"request-promise-native", "ISC", "https://github.com/request/request-promise-native", 1.0.8
"request", "Apache-2.0", "https://github.com/request/request", 2.88.2
"require-directory", "MIT", "https://github.com/troygoode/node-require-directory", 2.1.1
"require-main-filename", "ISC", "https://github.com/yargs/require-main-filename", 1.0.1
"requires-port", "MIT", "https://github.com/unshiftio/requires-port", 2.0.0
"reselect", "MIT", "https://github.com/reduxjs/reselect", 4.0.0
"resolve-cwd", "MIT", "https://github.com/sindresorhus/resolve-cwd", 2.0.0
"resolve-from", "MIT", "https://github.com/sindresorhus/resolve-from", 3.0.0
"resolve-pathname", "MIT", "https://github.com/mjackson/resolve-pathname", 4.0.0
"resolve-url-loader", "MIT", "https://github.com/bholloway/resolve-url-loader", 3.1.1
"resolve-url", "MIT", "https://github.com/lydell/resolve-url", 0.2.1
"resolve", "MIT", "https://github.com/substack/node-resolve", 1.1.7
"resolve", "MIT", "https://github.com/browserify/resolve", 1.15.0
"restore-cursor", "MIT", "https://github.com/sindresorhus/restore-cursor", 3.1.0
"ret", "MIT", "https://github.com/fent/ret.js", 0.1.15
"retry", "MIT", "https://github.com/tim-kos/node-retry", 0.12.0
"rework-visit", "MIT", "", 1.0.0
"rework", "MIT*", "https://github.com/reworkcss/rework", 1.0.1
"rgb-regex", "MIT", "https://github.com/regexps/rgb-regex", 1.0.1
"rgba-regex", "MIT", "https://github.com/johnotander/rgba-regex", 1.0.0
"rimraf", "ISC", "https://github.com/isaacs/rimraf", 2.6.3
"ripemd160", "MIT", "https://github.com/crypto-browserify/ripemd160", 2.7.1
"rsvp", "MIT", "https://github.com/tildeio/rsvp.js", 4.8.5
"run-async", "MIT", "https://github.com/SBoudrias/run-async", 2.4.0
"run-queue", "ISC", "https://github.com/iarna/run-queue", 1.0.3
"rxjs", "Apache-2.0", "https://github.com/reactivex/rxjs", 6.5.5
"safe-buffer", "MIT", "https://github.com/feross/safe-buffer", 5.1.2
"safe-regex", "MIT", "https://github.com/substack/safe-regex", 5.2.0
"safer-buffer", "MIT", "https://github.com/ChALkeR/safer-buffer", 2.1.2
"sane", "MIT", "https://github.com/amasad/sane", 4.1.0
"sanitize.css", "CC0-1.0", "https://github.com/csstools/sanitize.css", 10.0.0
"sass-graph", "MIT", "https://github.com/xzyfer/sass-graph", 2.2.4
"sass-loader", "MIT", "https://github.com/webpack-contrib/sass-loader", 8.0.2
"sax", "ISC", "https://github.com/isaacs/sax-js", 1.2.4
"saxes", "ISC", "https://github.com/lddubeau/saxes", 3.1.11
"scheduler", "MIT", "https://github.com/facebook/react", 0.19.1
"schema-utils", "MIT", "https://github.com/webpack-contrib/schema-utils", 1.0.0
"schema-utils", "MIT", "https://github.com/webpack/schema-utils", 2.6.6
"scss-tokenizer", "MIT", "https://github.com/sasstools/scss-tokenizer", 0.2.3
"select-hose", "MIT", "https://github.com/indutny/select-hose", 2.0.0
"selfsigned", "MIT", "https://github.com/jfromaniello/selfsigned", 1.10.7
"semver", "ISC", "https://github.com/npm/node-semver", 5.3.0
"send", "MIT", "https://github.com/pillarjs/send", 5.7.1 & 6.3.0 & 7.0.0
"serialize-javascript", "BSD-3-Clause", "https://github.com/yahoo/serialize-javascript", 2.1.2
"serve-index", "MIT", "https://github.com/expressjs/serve-index", 3.0.0
"serve-static", "MIT", "https://github.com/expressjs/serve-static", 1.14.1
"set-blocking", "ISC", "https://github.com/yargs/set-blocking", 2.0.0
"set-value", "MIT", "https://github.com/jonschlinkert/set-value", 2.0.1
"setimmediate", "MIT", "https://github.com/YuzuJS/setImmediate", 1.0.5
"setprototypeof", "ISC", "https://github.com/wesleytodd/setprototypeof", 1.1.0
"sha.js", "(MIT AND BSD-3-Clause)", "https://github.com/crypto-browserify/sha.js", 1.1.1
"shallow-clone", "MIT", "https://github.com/jonschlinkert/shallow-clone", 0.1.2
"shell-quote", "MIT", "https://github.com/substack/node-shell-quote", 3.0.0
"shebang-command", "MIT", "https://github.com/kevva/shebang-command", 3.0.1
"signal-exit", "ISC", "https://github.com/tapjs/signal-exit", 3.0.3
"shebang-regex", "MIT", "https://github.com/sindresorhus/shebang-regex", 2.0.0
"simple-swizzle", "MIT", "https://github.com/qix-/node-simple-swizzle", 0.2.2
"shellwords", "MIT", "https://github.com/jimmycuadra/shellwords", 0.1.1
"sisteransi", "MIT", "https://github.com/terkelg/sisteransi", 1.0.5
"slash", "MIT", "https://github.com/sindresorhus/slash", 1.0.0
"slice-ansi", "MIT", "https://github.com/chalk/slice-ansi", 2.0.0 & 3.0.0
"snapdragon-node", "MIT", "https://github.com/jonschlinkert/snapdragon-node", 2.1.1
"snapdragon-util", "MIT", "https://github.com/jonschlinkert/snapdragon-util", 3.0.1
"snapdragon", "MIT", "https://github.com/jonschlinkert/snapdragon", 0.8.2
"sockjs-client", "MIT", "https://github.com/sockjs/sockjs-client", 1.4.0
"sockjs", "MIT", "https://github.com/sockjs/sockjs-node", 0.3.19
"sort-keys", "MIT", "https://github.com/sindresorhus/sort-keys", 1.1.2
"source-list-map", "MIT", "https://github.com/webpack/source-list-map", 2.0.1
"source-map-resolve", "MIT", "https://github.com/lydell/source-map-resolve", 0.5.3
"source-map-url", "MIT", "https://github.com/lydell/source-map-url", 0.4.0
"source-map-support", "MIT", "https://github.com/evanw/node-source-map-support", 0.5.17
"source-map", "BSD-3-Clause", "https://github.com/mozilla/source-map", 0.4.4
"spdx-exceptions", "CC-BY-3.0", "https://github.com/kemitchell/spdx-exceptions.json", 2.2.0
"spdx-correct", "Apache-2.0", "https://github.com/jslicense/spdx-correct.js", 0.5.7 & 0.6.1
"spdx-expression-parse", "MIT", "https://github.com/jslicense/spdx-expression-parse.js", 3.0.0
"spdx-license-ids", "CC0-1.0", "https://github.com/shinnn/spdx-license-ids", 3.0.5
"spdy", "MIT", "https://github.com/indutny/node-spdy", 4.0.2
"spdy-transport", "MIT", "https://github.com/spdy-http2/spdy-transport", 3.0.0
"split-string", "MIT", "https://github.com/jonschlinkert/split-string", 3.1.0
"sprintf-js", "BSD-3-Clause", "https://github.com/alexei/sprintf.js", 1.0.3
"sshpk", "MIT", "https://github.com/joyent/node-sshpk", 1.16.1
"ssri", "ISC", "https://github.com/zkat/ssri", 6.0.1
"stable", "MIT", "https://github.com/Two-Screen/stable", 0.1.8
"ssri", "ISC", "https://github.com/npm/ssri", 7.1.0
"stack-utils", "MIT", "https://github.com/tapjs/stack-utils", 1.0.2
"static-extend", "MIT", "https://github.com/jonschlinkert/static-extend", 0.1.2
"statuses", "MIT", "https://github.com/jshttp/statuses", 1.5.0
"stdout-stream", "MIT", "https://github.com/mafintosh/stdout-stream", 1.4.1
"stealthy-require", "ISC", "https://github.com/analog-nico/stealthy-require", 1.1.1
"stream-browserify", "MIT", "https://github.com/browserify/stream-browserify", 2.0.2
"stream-each", "MIT", "https://github.com/mafintosh/stream-each", 1.2.3
"stream-http", "MIT", "https://github.com/jhiesey/stream-http", 2.8.3
"stream-shift", "MIT", "https://github.com/mafintosh/stream-shift", 1.0.1
"strict-uri-encode", "MIT", "https://github.com/kevva/strict-uri-encode", 1.1.0
"string-length", "MIT", "https://github.com/sindresorhus/string-length", 2.0.0
"string-width", "MIT", "https://github.com/sindresorhus/string-width", 3.1.0
"string.prototype.trimend", "MIT", "https://github.com/es-shims/String.prototype.trimEnd", 2.1.1 & 3.1.0 & 4.2.0
"string.prototype.trimleft", "MIT", "https://github.com/es-shims/String.prototype.trimLeft", 2.1.2
"string.prototype.trimright", "MIT", "https://github.com/es-shims/String.prototype.trimRight", 2.1.2
"string.prototype.trimstart", "MIT", "https://github.com/es-shims/String.prototype.trimStart", 1.0.1
"stringify-object", "BSD-2-Clause", "https://github.com/yeoman/stringify-object", 1.3.0
"string_decoder", "MIT", "https://github.com/nodejs/string_decoder", 1.1.1
"strip-ansi", "MIT", "https://github.com/chalk/strip-ansi", 3.0.1
"strip-comments", "MIT", "https://github.com/jonschlinkert/strip-comments", 3.0.0
"strip-bom", "MIT", "https://github.com/sindresorhus/strip-bom", 4.0.0 & 5.2.0 & 6.0.0
"strip-indent", "MIT", "https://github.com/sindresorhus/strip-indent", 1.0.1
"strip-json-comments", "MIT", "https://github.com/sindresorhus/strip-json-comments", 3.1.0
"strip-eof", "MIT", "https://github.com/sindresorhus/strip-eof", 1.0.0
"style-loader", "MIT", "https://github.com/webpack-contrib/style-loader", 0.23.1
"stylehacks", "MIT", "https://github.com/cssnano/cssnano", 4.0.3
"supports-color", "MIT", "https://github.com/chalk/supports-color", 2.0.0
"svg-parser", "MIT", "https://github.com/Rich-Harris/svg-parser", 5.5.0 & 6.1.0 & 7.1.0
"svgo", "MIT", "https://github.com/svg/svgo", 1.3.2
"symbol-observable", "MIT", "https://github.com/blesh/symbol-observable", 1.2.0
"symbol-tree", "MIT", "https://github.com/jsdom/js-symbol-tree", 3.2.4
"table", "BSD-3-Clause", "https://github.com/gajus/table", 5.4.6
"tapable", "MIT", "https://github.com/webpack/tapable", 1.1.3
"terser-webpack-plugin", "MIT", "https://github.com/webpack-contrib/terser-webpack-plugin", 1.4.3
"tar", "ISC", "https://github.com/isaacs/node-tar", 2.2.2
"terser", "BSD-2-Clause", "https://github.com/terser/terser", 2.3.4
"test-exclude", "ISC", "https://github.com/istanbuljs/istanbuljs", 5.2.3
"text-table", "MIT", "https://github.com/substack/text-table", 0.2.0
"throat", "MIT", "https://github.com/ForbesLindesay/throat", 4.1.0
"through2", "MIT", "https://github.com/rvagg/through2", 2.0.5
"through", "MIT", "https://github.com/dominictarr/through", 2.3.8
"thunky", "MIT", "https://github.com/mafintosh/thunky", 1.1.0
"timsort", "MIT", "https://github.com/mziccard/node-timsort", 0.3.0
"timers-browserify", "MIT", "https://github.com/jryans/timers-browserify", 2.0.11
"tiny-invariant", "MIT", "https://github.com/alexreardon/tiny-invariant", 1.1.0
"tiny-warning", "MIT", "https://github.com/alexreardon/tiny-warning", 1.0.3
"tmp", "MIT", "https://github.com/raszi/node-tmp", 0.0.33
"tmpl", "BSD-3-Clause", "https://github.com/daaku/nodejs-tmpl", 1.0.4
"to-fast-properties", "MIT", "https://github.com/sindresorhus/to-fast-properties", 2.0.0
"to-arraybuffer", "MIT", "https://github.com/jhiesey/to-arraybuffer", 1.0.1
"to-object-path", "MIT", "https://github.com/jonschlinkert/to-object-path", 0.3.0
"to-regex-range", "MIT", "https://github.com/micromatch/to-regex-range", 2.1.1
"to-regex", "MIT", "https://github.com/jonschlinkert/to-regex", 5.0.1
"toidentifier", "MIT", "https://github.com/component/toidentifier", 1.0.0
"tough-cookie", "BSD-3-Clause", "https://github.com/salesforce/tough-cookie", 2.5.0
"tr46", "MIT", "https://github.com/Sebmaster/tr46.js", 1.0.1
"trim-newlines", "MIT", "https://github.com/sindresorhus/trim-newlines", 1.0.0
"true-case-path", "Apache-2.0", "https://github.com/barsh/true-case-path", 1.0.3
"ts-pnp", "MIT", "https://github.com/arcanis/ts-pnp", 1.1.5
"tslib", "Apache-2.0", "https://github.com/Microsoft/tslib", 1.11.1
"tsutils", "MIT", "https://github.com/ajafff/tsutils", 3.17.1
"tty-browserify", "MIT", "https://github.com/substack/tty-browserify", 0.0.0
"tunnel-agent", "Apache-2.0", "https://github.com/mikeal/tunnel-agent", 0.6.0
"type-check", "MIT", "https://github.com/gkz/type-check", 0.3.2
"tweetnacl", "Unlicense", "https://github.com/dchest/tweetnacl-js", 0.14.5
"type-fest", "(MIT OR CC0-1.0)", "https://github.com/sindresorhus/type-fest", 0.11.0
"type-is", "MIT", "https://github.com/jshttp/type-is", 0.8.1
"type", "ISC", "https://github.com/medikoo/type", 1.2.0
"typed-styles", "MIT", "", 2.0.0
"typescript", "Apache-2.0", "https://github.com/Microsoft/TypeScript", 3.8.3
"uncontrollable", "MIT", "https://github.com/jquense/uncontrollable", 7.1.1
"typedarray", "MIT", "https://github.com/substack/typedarray", 0.0.6
"unicode-canonical-property-names-ecmascript", "MIT", "https://github.com/mathiasbynens/unicode-canonical-property-names-ecmascript", 1.0.4
"unicode-match-property-value-ecmascript", "MIT", "https://github.com/mathiasbynens/unicode-match-property-value-ecmascript", 1.2.0
"unicode-match-property-ecmascript", "MIT", "https://github.com/mathiasbynens/unicode-match-property-ecmascript", 1.0.4
"unicode-property-aliases-ecmascript", "MIT", "https://github.com/mathiasbynens/unicode-property-aliases-ecmascript", 1.1.0
"union-value", "MIT", "https://github.com/jonschlinkert/union-value", 1.0.1
"uniq", "MIT", "https://github.com/mikolalysenko/uniq", 1.0.1
"uniqs", "MIT", "https://github.com/fgnass/uniqs", 2.0.0
"unique-filename", "ISC", "https://github.com/iarna/unique-filename", 1.1.1
"unique-slug", "ISC", "https://github.com/iarna/unique-slug", 2.0.2
"universalify", "MIT", "https://github.com/RyanZim/universalify", 0.1.2
"unpipe", "MIT", "https://github.com/stream-utils/unpipe", 1.0.0
"unquote", "MIT", "https://github.com/lakenen/node-unquote", 1.1.1
"upath", "MIT", "https://github.com/anodynos/upath", 1.2.0
"unset-value", "MIT", "https://github.com/jonschlinkert/unset-value", 1.0.0
"uri-js", "BSD-2-Clause", "https://github.com/garycourt/uri-js", 4.2.2
"urix", "MIT", "https://github.com/lydell/urix", 0.1.0
"url-loader", "MIT", "https://github.com/webpack-contrib/url-loader", 2.3.0
"url-parse", "MIT", "https://github.com/unshiftio/url-parse", 1.4.7
"url", "MIT", "https://github.com/defunctzombie/node-url", 0.11.0
"json-stringify-safe", "ISC", "https://github.com/isaacs/json-stringify-safe", 5.0.1
"killable", "ISC", "https://github.com/marten-de-vries/killable", 1.0.1
"use", "MIT", "https://github.com/jonschlinkert/use", 3.1.1
"util.promisify", "MIT", "https://github.com/ljharb/util.promisify", 1.0.0
"util-deprecate", "MIT", "https://github.com/TooTallNate/util-deprecate", 1.0.2
"util", "MIT", "https://github.com/defunctzombie/node-util", 1.0.1
"utils-merge", "MIT", "https://github.com/jaredhanson/utils-merge", 1.0.1
"uuid", "MIT", "https://github.com/uuidjs/uuid", 3.4.0
"utila", "MIT", "https://github.com/AriaMinaei/utila", 0.11.1
"v8-compile-cache", "MIT", "https://github.com/zertosh/v8-compile-cache", 2.1.0
"validate-npm-package-license", "Apache-2.0", "https://github.com/kemitchell/validate-npm-package-license.js", 3.0.4
"value-equal", "MIT", "https://github.com/mjackson/value-equal", 1.0.1
"vary", "MIT", "https://github.com/jshttp/vary", 1.1.2
"vendors", "MIT", "https://github.com/wooorm/vendors", 1.0.4
"verror", "MIT", "https://github.com/davepacheco/node-verror", 1.10.0
"w3c-hr-time", "MIT", "https://github.com/jsdom/w3c-hr-time", 1.0.2
"vm-browserify", "MIT", "https://github.com/substack/vm-browserify", 1.1.2
"w3c-xmlserializer", "MIT", "https://github.com/jsdom/w3c-xmlserializer", 1.1.2
"walker", "Apache-2.0", "https://github.com/daaku/nodejs-walker", 1.0.7
"warning", "MIT", "https://github.com/BerkeleyTrue/warning", 4.0.3
"watchpack", "MIT", "https://github.com/webpack/watchpack", 1.6.1
"webidl-conversions", "BSD-2-Clause", "https://github.com/jsdom/webidl-conversions", 4.0.2
"wbuf", "MIT", "https://github.com/indutny/wbuf", 1.7.3
"webpack-dev-middleware", "MIT", "https://github.com/webpack/webpack-dev-middleware", 3.7.2
"webpack-log", "MIT", "https://github.com/webpack-contrib/webpack-log", 2.0.0
"webpack-dev-server", "MIT", "https://github.com/webpack/webpack-dev-server", 3.10.2
"webpack-manifest-plugin", "MIT", "https://github.com/danethurber/webpack-manifest-plugin", 2.2.0
"webpack-sources", "MIT", "https://github.com/webpack/webpack-sources", 1.4.3
"webpack", "MIT", "https://github.com/webpack/webpack", 4.41.5
"websocket-driver", "Apache-2.0", "https://github.com/faye/websocket-driver-node", 0.7.3
"whatwg-encoding", "MIT", "https://github.com/jsdom/whatwg-encoding", 1.0.5
"websocket-extensions", "MIT", "https://github.com/faye/websocket-extensions-node", 0.1.3
"whatwg-fetch", "MIT", "https://github.com/github/fetch", 3.0.0
"whatwg-mimetype", "MIT", "https://github.com/jsdom/whatwg-mimetype", 2.3.0
"whatwg-url", "MIT", "https://github.com/jsdom/whatwg-url", 6.5.0
"which-module", "ISC", "https://github.com/nexdrew/which-module", 7.1.0
"which", "ISC", "https://github.com/isaacs/node-which", 2.0.0
"wide-align", "ISC", "https://github.com/iarna/wide-align", 2.0.2
"word-wrap", "MIT", "https://github.com/jonschlinkert/word-wrap", 1.2.3
"worker-farm", "MIT", "https://github.com/rvagg/node-worker-farm", 4.3.1 & 4.3.1 & 4.3.1 & 4.3.1 & 4.3.1 & 4.3.1 & 4.3.1 & 4.3.1 & 4.3.1 & 4.3.1 & 4.3.1 & 4.3.1 & 4.3.1 & 4.3.1 & 4.3.1
"workbox-background-sync", "MIT", "https://github.com/googlechrome/workbox", 4.3.1
"worker-rpc", "MIT", "https://github.com/DirtyHairy/worker-rpc", 0.1.1
"wrappy", "ISC", "https://github.com/npm/wrappy", 5.1.0
"wrap-ansi", "MIT", "https://github.com/chalk/wrap-ansi", 2.1.0
"write-file-atomic", "ISC", "https://github.com/iarna/write-file-atomic", 2.4.1
"write", "MIT", "https://github.com/jonschlinkert/write", 1.0.3
"ws", "MIT", "https://github.com/websockets/ws", 5.2.2
"xml-name-validator", "Apache-2.0", "https://github.com/jsdom/xml-name-validator", 6.2.1
"xmlchars", "MIT", "https://github.com/lddubeau/xmlchars", 2.2.0
"xtend", "MIT", "https://github.com/Raynos/xtend", 4.0.2
"y18n", "ISC", "https://github.com/yargs/y18n", 3.2.1
"yallist", "ISC", "https://github.com/isaacs/yallist", 4.0.0
"yaml", "ISC", "https://github.com/eemeli/yaml", 3.1.1 & 4.0.0
"yargs-parser", "ISC", "https://github.com/yargs/yargs-parser", 11.1.1
"yargs", "MIT", "https://github.com/yargs/yargs", 13.1.2 & 5.0.0
